"GEO_ID","NAME","B01001_001E","B01001_001M","B01001_002E","B01001_002M","B01001_003E","B01001_003M","B01001_004E","B01001_004M","B01001_005E","B01001_005M","B01001_006E","B01001_006M","B01001_007E","B01001_007M","B01001_008E","B01001_008M","B01001_009E","B01001_009M","B01001_010E","B01001_010M","B01001_011E","B01001_011M","B01001_012E","B01001_012M","B01001_013E","B01001_013M","B01001_014E","B01001_014M","B01001_015E","B01001_015M","B01001_016E","B01001_016M","B01001_017E","B01001_017M","B01001_018E","B01001_018M","B01001_019E","B01001_019M","B01001_020E","B01001_020M","B01001_021E","B01001_021M","B01001_022E","B01001_022M","B01001_023E","B01001_023M","B01001_024E","B01001_024M","B01001_025E","B01001_025M","B01001_026E","B01001_026M","B01001_027E","B01001_027M","B01001_028E","B01001_028M","B01001_029E","B01001_029M","B01001_030E","B01001_030M","B01001_031E","B01001_031M","B01001_032E","B01001_032M","B01001_033E","B01001_033M","B01001_034E","B01001_034M","B01001_035E","B01001_035M","B01001_036E","B01001_036M","B01001_037E","B01001_037M","B01001_038E","B01001_038M","B01001_039E","B01001_039M","B01001_040E","B01001_040M","B01001_041E","B01001_041M","B01001_042E","B01001_042M","B01001_043E","B01001_043M","B01001_044E","B01001_044M","B01001_045E","B01001_045M","B01001_046E","B01001_046M","B01001_047E","B01001_047M","B01001_048E","B01001_048M","B01001_049E","B01001_049M",
"Geography","Geographic Area Name","Estimate!!Total:","Margin of Error!!Total:","Estimate!!Total:!!Male:","Margin of Error!!Total:!!Male:","Estimate!!Total:!!Male:!!Under 5 years","Margin of Error!!Total:!!Male:!!Under 5 years","Estimate!!Total:!!Male:!!5 to 9 years","Margin of Error!!Total:!!Male:!!5 to 9 years","Estimate!!Total:!!Male:!!10 to 14 years","Margin of Error!!Total:!!Male:!!10 to 14 years","Estimate!!Total:!!Male:!!15 to 17 years","Margin of Error!!Total:!!Male:!!15 to 17 years","Estimate!!Total:!!Male:!!18 and 19 years","Margin of Error!!Total:!!Male:!!18 and 19 years","Estimate!!Total:!!Male:!!20 years","Margin of Error!!Total:!!Male:!!20 years","Estimate!!Total:!!Male:!!21 years","Margin of Error!!Total:!!Male:!!21 years","Estimate!!Total:!!Male:!!22 to 24 years","Margin of Error!!Total:!!Male:!!22 to 24 years","Estimate!!Total:!!Male:!!25 to 29 years","Margin of Error!!Total:!!Male:!!25 to 29 years","Estimate!!Total:!!Male:!!30 to 34 years","Margin of Error!!Total:!!Male:!!30 to 34 years","Estimate!!Total:!!Male:!!35 to 39 years","Margin of Error!!Total:!!Male:!!35 to 39 years","Estimate!!Total:!!Male:!!40 to 44 years","Margin of Error!!Total:!!Male:!!40 to 44 years","Estimate!!Total:!!Male:!!45 to 49 years","Margin of Error!!Total:!!Male:!!45 to 49 years","Estimate!!Total:!!Male:!!50 to 54 years","Margin of Error!!Total:!!Male:!!50 to 54 years","Estimate!!Total:!!Male:!!55 to 59 years","Margin of Error!!Total:!!Male:!!55 to 59 years","Estimate!!Total:!!Male:!!60 and 61 years","Margin of Error!!Total:!!Male:!!60 and 61 years","Estimate!!Total:!!Male:!!62 to 64 years","Margin of Error!!Total:!!Male:!!62 to 64 years","Estimate!!Total:!!Male:!!65 and 66 years","Margin of Error!!Total:!!Male:!!65 and 66 years","Estimate!!Total:!!Male:!!67 to 69 years","Margin of Error!!Total:!!Male:!!67 to 69 years","Estimate!!Total:!!Male:!!70 to 74 years","Margin of Error!!Total:!!Male:!!70 to 74 years","Estimate!!Total:!!Male:!!75 to 79 years","Margin of Error!!Total:!!Male:!!75 to 79 years","Estimate!!Total:!!Male:!!80 to 84 years","Margin of Error!!Total:!!Male:!!80 to 84 years","Estimate!!Total:!!Male:!!85 years and over","Margin of Error!!Total:!!Male:!!85 years and over","Estimate!!Total:!!Female:","Margin of Error!!Total:!!Female:","Estimate!!Total:!!Female:!!Under 5 years","Margin of Error!!Total:!!Female:!!Under 5 years","Estimate!!Total:!!Female:!!5 to 9 years","Margin of Error!!Total:!!Female:!!5 to 9 years","Estimate!!Total:!!Female:!!10 to 14 years","Margin of Error!!Total:!!Female:!!10 to 14 years","Estimate!!Total:!!Female:!!15 to 17 years","Margin of Error!!Total:!!Female:!!15 to 17 years","Estimate!!Total:!!Female:!!18 and 19 years","Margin of Error!!Total:!!Female:!!18 and 19 years","Estimate!!Total:!!Female:!!20 years","Margin of Error!!Total:!!Female:!!20 years","Estimate!!Total:!!Female:!!21 years","Margin of Error!!Total:!!Female:!!21 years","Estimate!!Total:!!Female:!!22 to 24 years","Margin of Error!!Total:!!Female:!!22 to 24 years","Estimate!!Total:!!Female:!!25 to 29 years","Margin of Error!!Total:!!Female:!!25 to 29 years","Estimate!!Total:!!Female:!!30 to 34 years","Margin of Error!!Total:!!Female:!!30 to 34 years","Estimate!!Total:!!Female:!!35 to 39 years","Margin of Error!!Total:!!Female:!!35 to 39 years","Estimate!!Total:!!Female:!!40 to 44 years","Margin of Error!!Total:!!Female:!!40 to 44 years","Estimate!!Total:!!Female:!!45 to 49 years","Margin of Error!!Total:!!Female:!!45 to 49 years","Estimate!!Total:!!Female:!!50 to 54 years","Margin of Error!!Total:!!Female:!!50 to 54 years","Estimate!!Total:!!Female:!!55 to 59 years","Margin of Error!!Total:!!Female:!!55 to 59 years","Estimate!!Total:!!Female:!!60 and 61 years","Margin of Error!!Total:!!Female:!!60 and 61 years","Estimate!!Total:!!Female:!!62 to 64 years","Margin of Error!!Total:!!Female:!!62 to 64 years","Estimate!!Total:!!Female:!!65 and 66 years","Margin of Error!!Total:!!Female:!!65 and 66 years","Estimate!!Total:!!Female:!!67 to 69 years","Margin of Error!!Total:!!Female:!!67 to 69 years","Estimate!!Total:!!Female:!!70 to 74 years","Margin of Error!!Total:!!Female:!!70 to 74 years","Estimate!!Total:!!Female:!!75 to 79 years","Margin of Error!!Total:!!Female:!!75 to 79 years","Estimate!!Total:!!Female:!!80 to 84 years","Margin of Error!!Total:!!Female:!!80 to 84 years","Estimate!!Total:!!Female:!!85 years and over","Margin of Error!!Total:!!Female:!!85 years and over",
"0500000US29001","Adair County, Missouri","25468","*****","12287","152","894","98","607","140","647","120","398","29","861","57","674","212","416","187","1154","214","761","76","629","70","658","133","401","103","616","40","637","55","752","109","209","71","325","97","245","79","306","63","422","78","324","79","170","48","181","63","13181","152","649","37","535","122","696","118","342","12","1196","53","881","215","906","197","901","208","688","53","729","86","468","85","546","86","572","34","607","23","858","119","293","102","211","62","297","99","173","57","613","102","307","100","310","79","403","120",
"0500000US29003","Andrew County, Missouri","17554","*****","8784","99","566","51","553","98","566","110","408","70","181","19","120","57","187","100","244","80","504","31","463","16","590","112","491","116","579","38","571","19","650","130","310","128","277","89","304","86","142","50","508","100","238","57","180","59","152","72","8770","99","458","10","477","125","636","120","370","48","151","19","101","64","19","14","277","62","477","20","510","43","444","123","598","122","572","51","545","16","649","107","293","103","350","105","366","111","282","86","318","83","302","91","206","82","369","116",
"0500000US29005","Atchison County, Missouri","5180","*****","2581","21","135","6","165","31","136","35","95","6","17","19","21","24","5","7","108","31","162","25","123","8","134","34","152","35","168","16","173","7","200","40","64","24","122","35","69","21","100","31","184","34","105","28","67","26","76","32","2599","21","124","8","116","42","166","42","90","17","42","17","13","16","36","25","69","27","142","6","123","5","155","29","103","29","156","18","174","7","166","26","77","26","128","34","56","25","89","23","209","29","129","35","70","21","166","37",
"0500000US29007","Audrain County, Missouri","25336","*****","11793","115","876","82","777","156","885","143","642","32","324","65","127","76","160","93","338","82","637","43","652","61","495","153","908","151","647","21","720","33","818","131","423","91","449","105","245","70","461","103","486","96","294","58","202","57","227","63","13543","115","729","70","573","134","850","164","462","32","287","60","139","73","126","90","527","111","978","69","960","78","1113","182","714","136","815","54","890","113","741","122","418","101","620","119","270","89","633","104","466","89","571","101","253","87","408","103",
"0500000US29009","Barry County, Missouri","35615","*****","17706","205","1034","126","1129","149","1340","182","735","57","465","94","151","99","130","82","599","101","1064","126","885","8","955","187","840","187","1186","111","1068","24","1193","209","606","131","823","183","259","95","690","163","1149","138","775","129","331","137","299","91","17909","205","1021","136","1064","149","1124","152","623","71","379","98","187","110","142","76","469","130","1001","99","972","169","1077","169","937","187","1098","89","1112","47","1184","186","643","192","832","179","421","124","710","156","1110","155","773","138","467","144","563","173",
"0500000US29011","Barton County, Missouri","11732","*****","5787","57","334","17","287","83","493","80","290","18","138","18","105","76","80","74","133","89","299","19","257","5","473","121","283","101","326","22","344","16","368","94","94","39","392","99","100","53","190","60","311","70","287","69","81","64","122","53","5945","57","348","31","353","94","399","98","252","21","111","19","12","12","64","45","229","48","333","25","268","19","472","70","187","68","355","45","369","21","442","103","207","81","196","61","166","63","284","65","228","49","322","76","180","112","168","60",
"0500000US29013","Bates County, Missouri","16282","*****","8035","95","487","17","574","76","498","78","385","16","177","7","76","50","89","52","305","75","442","24","470","25","450","107","435","101","456","12","523","17","674","97","197","68","370","94","160","57","187","58","497","76","240","54","224","59","119","41","8247","95","504","33","523","67","552","81","305","11","161","27","52","37","104","54","231","56","481","32","448","31","509","91","436","89","468","37","524","17","553","92","301","83","341","75","160","61","326","63","405","83","426","86","240","76","197","65",
"0500000US29015","Benton County, Missouri","19305","*****","9657","112","422","16","453","84","503","92","349","47","160","19","54","44","85","50","225","72","401","43","377","28","476","98","317","98","594","67","647","35","922","150","226","102","538","137","306","96","512","110","909","126","707","113","242","74","232","111","9648","112","407","44","330","80","586","86","294","18","153","33","43","36","47","44","236","58","406","69","342","19","383","128","432","124","595","48","627","21","822","149","347","113","538","134","449","128","625","123","722","137","492","119","380","107","392","130",
"0500000US29017","Bollinger County, Missouri","12181","*****","6131","89","333","27","417","95","338","97","281","42","144","60","141","78","20","34","116","83","311","19","312","4","396","98","307","97","369","16","445","21","543","151","194","130","312","97","136","76","290","82","256","85","228","65","120","62","122","60","6050","89","284","19","337","110","409","103","243","35","131","36","20","21","152","66","97","60","330","19","303","19","327","93","352","98","402","15","424","24","521","99","165","60","268","69","119","53","243","82","371","87","319","66","123","46","110","51",
"0500000US29019","Boone County, Missouri","179704","*****","87232","160","5347","105","5552","429","4957","430","3088","113","3769","114","2949","495","3673","531","5705","706","7391","31","6193","33","5478","452","5044","503","4602","230","4467","77","4699","401","1983","286","2598","404","1477","236","2133","317","2640","288","1641","204","965","174","881","191","92472","160","5043","106","4729","495","5081","498","2749","98","4829","45","3406","636","3479","538","6442","741","7511","35","6227","142","5580","446","5195","436","4809","200","4840","143","5538","477","1978","367","2746","352","1640","220","2559","352","2835","327","2199","247","1498","259","1559","241",
"0500000US29021","Buchanan County, Missouri","87904","*****","44385","127","2927","69","2757","257","2879","252","1642","76","1177","209","642","164","568","218","2003","251","3232","154","3137","137","3268","387","2823","335","2422","98","2911","157","2924","276","1319","233","1609","219","891","190","1340","216","1570","203","881","108","795","154","668","125","43519","127","2635","54","2653","243","2743","240","1562","71","1081","121","720","251","662","206","1486","222","2938","103","2761","171","2527","269","2367","309","2515","129","2816","137","3013","267","1085","185","1855","237","1109","168","1538","201","1766","209","1542","207","977","176","1168","201",
"0500000US29023","Butler County, Missouri","42570","*****","20942","244","1490","216","1089","161","1807","196","1047","120","468","69","205","111","239","104","687","158","1291","119","1386","158","986","196","1204","192","1441","146","1288","96","1192","218","618","156","1042","195","504","121","571","140","942","160","636","126","429","132","380","121","21628","244","1196","110","1553","144","1065","183","824","99","455","105","307","159","202","164","623","197","1404","129","1245","86","1181","226","1267","230","1347","108","1452","101","1228","199","811","205","902","195","726","192","863","191","973","174","939","150","526","133","539","150",
"0500000US29025","Caldwell County, Missouri","9052","*****","4566","65","282","41","270","54","387","47","210","7","119","20","57","25","45","33","155","39","232","17","216","17","274","50","230","60","280","15","303","10","308","54","117","58","248","54","94","26","173","53","228","45","143","43","102","45","93","43","4486","65","253","15","264","62","284","63","182","8","116","18","79","31","32","17","116","31","243","36","217","15","292","51","240","51","266","14","296","11","335","48","120","47","192","52","122","53","175","48","204","46","171","42","143","52","144","52",
"0500000US29027","Callaway County, Missouri","44944","*****","22959","252","1310","47","1412","184","1373","220","782","65","632","56","312","100","440","134","825","139","1665","105","1616","90","1839","266","1171","253","1489","74","1564","90","1690","219","607","182","783","169","564","143","568","144","1079","188","649","143","397","102","192","93","21985","252","1059","44","1319","202","1356","168","929","116","812","97","403","156","276","131","809","171","1342","88","1281","106","1379","199","1262","228","1410","115","1435","55","1333","212","570","144","1141","203","567","162","687","146","1012","194","842","155","343","114","418","134",
"0500000US29029","Camden County, Missouri","45823","*****","22721","173","1113","57","1083","171","1129","187","925","109","480","81","215","108","294","113","507","188","1114","113","1045","65","886","204","1140","213","1127","16","1394","28","2237","219","877","169","791","188","1097","205","1021","215","1858","235","1334","169","637","151","417","165","23102","173","895","7","1053","190","1179","191","719","35","415","86","307","161","184","113","439","147","990","74","1033","41","1066","170","1086","171","1334","101","1592","78","2145","217","818","209","1368","203","780","156","1446","262","1792","255","1128","205","622","237","711","245",
"0500000US29031","Cape Girardeau County, Missouri","78834","*****","38083","194","2279","67","2611","286","2204","277","1385","104","1369","104","966","247","800","225","2317","326","2544","121","2356","72","2685","262","1679","243","2129","124","2301","154","2398","283","1017","233","1402","239","933","186","1010","212","1430","252","1104","161","515","134","649","177","40751","194","2219","71","2468","209","2217","181","1399","98","1564","91","1030","261","821","292","2449","367","2523","80","2493","114","1961","290","2471","286","2120","84","2404","85","2667","269","1102","249","1402","273","887","186","1293","208","1718","241","1441","231","930","198","1172","194",
"0500000US29033","Carroll County, Missouri","8723","*****","4306","57","260","25","274","68","316","74","152","17","89","6","31","24","23","23","174","32","237","7","199","6","143","53","324","50","272","19","333","76","282","51","106","38","228","69","114","47","159","51","236","56","114","36","120","39","120","41","4417","57","223","8","175","70","362","58","175","17","86","17","91","54","91","50","58","43","232","15","225","29","231","51","280","47","244","17","300","26","241","61","183","84","186","58","88","28","201","65","255","58","156","47","170","58","164","54",
"0500000US29035","Carter County, Missouri","6085","*****","3014","71","177","17","85","61","271","61","170","81","88","44","28","29","33","53","86","60","150","17","129","5","263","48","116","62","174","5","197","17","225","99","88","73","179","138","35","27","72","43","237","45","81","39","118","40","12","10","3071","71","169","17","153","64","206","64","250","76","54","17","112","56","22","32","112","66","57","39","113","67","215","83","163","82","186","17","188","17","282","76","47","45","104","56","65","34","89","50","209","49","171","49","75","42","29","26",
"0500000US29037","Cass County, Missouri","104687","*****","51011","214","3126","94","3808","390","3582","359","2400","154","1270","109","392","120","553","207","1784","203","3233","148","3218","150","3492","325","2683","308","3358","162","3404","133","3731","292","1500","279","1796","313","981","198","1502","239","2068","293","1524","223","982","208","624","197","53676","214","3087","126","3457","306","3577","296","2187","157","1294","144","543","174","389","117","1704","202","3129","165","3081","116","3129","392","3547","358","3507","180","3545","119","4070","300","1454","240","2084","294","1206","218","1827","241","2441","271","1612","241","1157","185","1649","296",
"0500000US29039","Cedar County, Missouri","14144","*****","7182","95","516","36","393","122","586","98","324","15","158","2","81","78","77","73","171","87","386","40","344","45","431","90","252","105","385","3","522","57","590","115","176","96","241","94","159","80","160","79","606","129","308","88","165","63","151","65","6962","95","439","19","487","111","415","100","280","54","122","19","29","33","78","80","215","78","367","44","338","11","352","103","351","94","365","19","439","19","522","134","158","76","279","118","154","97","216","118","535","128","483","108","184","69","154","73",
"0500000US29041","Chariton County, Missouri","7449","*****","3659","38","231","9","229","35","246","33","164","17","49","27","27","28","30","24","145","38","184","2","176","10","200","37","153","38","189","8","229","11","344","48","41","21","192","52","88","35","137","50","234","60","144","40","109","41","118","34","3790","38","229","20","200","34","253","50","141","15","78","33","73","42","33","23","61","35","177","17","165","17","264","46","133","44","200","19","206","6","279","55","117","45","198","51","59","32","230","86","164","60","170","48","176","53","184","50",
"0500000US29043","Christian County, Missouri","87324","*****","42584","134","2703","94","3253","354","3260","319","2014","148","1017","116","513","158","535","221","1237","263","2436","58","2945","137","2606","327","3171","335","2929","113","2536","43","2801","371","931","177","1479","303","841","173","1393","252","1657","253","875","176","756","186","696","256","44740","134","2761","97","2832","337","3513","334","1827","96","831","35","614","208","554","211","986","231","2909","82","3166","108","2604","322","3379","330","2821","80","2680","52","3247","319","1031","173","1517","288","850","187","1629","302","1889","288","1403","222","1032","200","665","163",
"0500000US29045","Clark County, Missouri","6783","*****","3447","33","208","10","250","54","227","58","139","9","69","3","51","34","20","22","95","38","167","17","174","17","206","73","170","73","206","21","245","17","319","62","106","43","130","46","53","28","222","63","113","50","159","43","70","27","48","33","3336","33","180","6","198","60","218","64","130","11","30","24","49","30","10","9","109","33","174","17","156","17","174","55","214","62","183","17","227","21","238","52","153","57","104","36","67","28","171","53","192","46","105","40","87","35","167","55",
"0500000US29047","Clay County, Missouri","246480","*****","120951","238","8279","252","8516","530","8558","522","5121","48","2796","148","1463","310","1237","297","4685","415","8548","116","9024","131","8676","593","8251","586","8122","51","7673","50","7772","444","3098","395","3791","387","2320","361","3188","404","4161","393","2351","309","1788","313","1533","286","125529","238","7633","207","8169","446","8206","437","4971","90","2605","92","1560","301","1223","252","4400","377","9014","54","8985","48","9095","581","8031","588","8369","96","7933","65","8113","483","3273","508","4356","427","2693","390","3812","408","4762","451","3405","372","2163","394","2758","445",
"0500000US29049","Clinton County, Missouri","20503","*****","10155","94","542","22","611","99","809","102","508","64","239","21","112","52","193","78","220","90","558","3","544","21","704","128","499","130","616","13","717","27","767","100","349","110","440","120","158","52","311","78","517","97","285","69","216","71","240","75","10348","94","538","20","719","85","569","99","527","71","254","49","130","70","92","65","256","74","540","11","656","77","824","121","466","141","638","15","739","49","614","97","356","98","531","116","280","81","309","67","441","86","369","92","278","70","222","73",
"0500000US29051","Cole County, Missouri","76630","*****","38726","172","2285","97","2267","246","2605","231","1559","111","1049","185","455","137","279","145","1588","195","2788","73","2837","300","2712","339","2743","429","2526","185","2522","148","2322","251","942","184","1638","208","897","208","1110","168","1600","223","1035","146","658","128","309","90","37904","172","2258","78","2449","270","2345","282","1387","129","1144","121","411","185","265","125","1408","220","2332","72","2467","137","2226","251","2255","283","2234","115","2418","140","2330","245","1294","238","1575","226","838","175","1472","213","1616","206","1359","251","885","208","936","207",
"0500000US29053","Cooper County, Missouri","17522","*****","8996","86","525","46","513","78","550","87","319","16","295","81","120","58","93","43","448","96","735","63","613","54","644","81","479","65","533","35","554","47","619","81","202","48","372","78","153","48","288","74","382","71","320","43","119","33","120","37","8526","86","488","35","505","109","619","75","320","22","157","15","59","32","131","63","376","83","481","43","507","49","542","70","382","74","472","16","531","32","659","91","246","73","317","71","265","90","252","71","390","76","344","71","188","47","295","65",
"0500000US29055","Crawford County, Missouri","23984","*****","11771","82","712","56","743","153","738","147","499","23","244","22","123","86","106","51","427","83","673","7","663","51","747","134","650","137","722","41","787","20","969","146","314","121","512","127","167","74","426","124","716","141","368","102","305","109","160","97","12213","82","652","57","719","178","913","150","495","29","165","109","109","76","148","99","429","138","648","22","678","43","685","128","758","143","698","39","791","24","955","159","381","145","448","114","274","108","298","117","808","126","354","110","397","119","410","143",
"0500000US29057","Dade County, Missouri","7571","*****","3852","35","198","5","242","48","231","51","171","12","123","32","15","15","66","34","114","39","216","27","166","17","235","45","187","43","244","21","230","8","335","65","143","58","109","42","107","47","190","49","210","54","121","43","104","56","95","41","3719","35","162","17","214","41","210","44","126","10","70","12","4","7","40","30","116","35","149","5","177","15","188","54","197","52","216","12","234","4","302","58","141","52","183","62","177","65","162","58","213","50","111","45","174","71","153","60",
"0500000US29059","Dallas County, Missouri","16841","*****","7964","125","515","19","631","137","502","135","177","90","277","121","37","40","86","81","178","117","440","19","421","8","462","185","434","170","449","4","514","19","440","155","225","94","587","158","335","115","290","102","317","94","290","101","228","98","129","70","8877","125","583","38","710","126","385","111","489","86","151","85","0","19","162","142","273","116","550","61","487","64","329","113","525","113","452","19","569","34","556","112","369","155","345","132","280","105","267","116","490","112","363","121","263","113","279","96",
"0500000US29061","Daviess County, Missouri","8294","*****","4165","31","285","7","285","63","316","63","202","10","94","4","46","24","14","13","166","26","229","17","188","14","227","60","244","50","243","19","238","12","243","58","156","59","152","39","77","28","154","51","288","56","173","27","85","25","60","21","4129","31","272","9","221","46","353","49","197","7","106","19","50","26","65","28","98","29","223","12","193","17","241","43","190","46","244","12","228","17","299","53","87","31","192","47","114","34","114","30","272","45","105","31","115","34","150","34",
"0500000US29063","DeKalb County, Missouri","11872","*****","7266","121","283","27","409","69","179","69","207","27","140","27","72","39","114","42","429","74","599","99","633","56","606","102","541","80","580","67","484","35","507","94","186","63","301","75","144","74","216","66","219","82","230","45","98","41","89","45","4606","121","285","24","251","75","272","75","162","19","40","27","11","14","3","4","243","33","250","4","233","9","308","66","179","65","275","11","297","22","358","78","75","28","255","63","116","56","152","61","238","66","145","60","212","71","246","72",
"0500000US29065","Dent County, Missouri","15518","*****","7696","102","463","36","431","98","581","103","320","29","173","118","66","86","72","68","206","114","392","14","387","6","381","134","487","133","428","15","541","58","781","127","276","110","163","92","114","49","342","97","407","83","314","84","168","68","203","85","7822","102","408","11","525","98","407","97","331","36","185","86","81","59","69","55","171","68","393","12","377","19","525","112","284","109","433","17","513","19","793","147","150","54","329","130","198","83","304","103","464","108","416","86","175","57","291","82",
"0500000US29067","Douglas County, Missouri","13335","*****","6708","152","367","19","331","131","582","159","239","19","136","29","67","85","68","52","156","67","307","19","309","19","341","130","315","130","385","51","424","29","504","142","263","119","355","104","208","72","268","108","450","106","298","90","134","71","201","70","6627","152","417","153","498","113","256","113","235","18","56","44","98","91","56","66","150","98","293","19","322","19","341","101","312","106","355","19","435","36","579","166","178","93","352","141","218","81","314","91","417","100","322","108","230","85","193","104",
"0500000US29069","Dunklin County, Missouri","29657","*****","14063","124","957","88","972","153","1216","158","698","48","466","120","203","113","98","55","476","100","805","114","763","71","751","126","850","134","855","38","842","41","982","140","410","103","478","104","286","86","479","96","583","97","415","73","270","65","208","66","15594","124","1093","98","744","142","1329","143","591","60","335","66","227","82","105","61","425","102","972","78","829","80","1035","149","792","161","1002","103","936","75","1021","136","503","122","597","129","349","91","426","90","812","113","605","100","420","70","446","96",
"0500000US29071","Franklin County, Missouri","103629","*****","51624","200","3090","81","3362","349","3772","330","2217","88","1157","54","950","257","394","138","1710","270","3256","66","3143","92","3401","290","2556","274","3208","110","3557","54","4176","315","1309","299","2248","374","1161","198","1528","216","2281","233","1558","207","898","205","692","174","52005","200","3056","92","3250","334","2877","341","2145","196","994","62","479","195","594","193","1606","242","3138","72","3158","117","3426","341","2434","350","3264","96","3588","31","4186","381","1664","306","2277","360","1071","235","1721","229","2745","355","1863","253","1201","279","1268","249",
"0500000US29073","Gasconade County, Missouri","14673","*****","7329","83","441","44","392","107","548","111","288","7","146","19","35","21","90","63","221","62","380","4","377","19","443","69","292","70","418","19","501","23","608","86","264","83","364","80","235","61","327","84","320","62","326","62","158","58","155","66","7344","83","326","19","295","74","488","79","256","19","134","19","65","39","60","42","224","56","406","28","382","16","390","70","342","71","417","25","601","76","549","98","342","79","248","70","215","60","256","74","485","60","422","86","280","83","161","57",
"0500000US29075","Gentry County, Missouri","6576","*****","3186","30","217","9","259","39","186","46","125","17","85","24","59","19","25","14","69","21","210","21","195","32","163","49","182","39","173","17","202","17","308","50","112","63","45","21","66","26","121","35","107","29","81","37","151","40","45","24","3390","30","249","14","259","51","236","56","141","14","66","3","57","26","36","20","75","29","195","7","188","9","171","44","169","41","187","4","191","17","249","38","90","28","113","28","75","35","108","32","138","29","147","34","61","21","189","35",
"0500000US29077","Greene County, Missouri","291574","*****","141868","99","8912","*****","8603","598","8617","598","5035","99","4608","279","3443","674","3191","505","8092","653","11114","*****","9378","140","9428","508","8389","503","8248","124","7990","93","8836","517","3004","349","4630","398","2539","395","4481","366","5083","399","3917","332","2262","246","2068","308","149706","99","8440","*****","7587","476","8748","476","4695","71","5011","211","3483","539","3064","452","8918","602","10966","96","9328","197","9045","515","7952","539","8283","43","8381","43","9563","556","3455","393","5159","384","3110","430","5528","512","6121","491","5144","427","3697","390","4028","396",
"0500000US29079","Grundy County, Missouri","9885","*****","4877","51","361","8","306","51","361","53","180","36","192","37","55","42","37","28","171","42","334","35","296","6","190","79","286","84","243","15","263","9","357","83","180","60","142","72","129","55","103","40","269","61","185","58","126","54","111","47","5008","51","343","14","387","57","229","58","251","18","134","21","59","33","63","38","139","40","298","23","269","9","211","53","233","57","283","26","290","16","299","60","97","40","240","69","174","69","137","45","235","63","219","63","166","63","252","74",
"0500000US29081","Harrison County, Missouri","8427","*****","4179","45","276","18","189","78","407","79","179","17","95","6","37","34","0","17","174","35","207","2","246","42","275","94","220","85","213","17","236","17","265","62","153","56","184","57","174","68","99","37","199","65","165","33","108","31","78","27","4248","45","266","15","306","66","280","54","159","4","71","17","48","31","35","28","86","35","200","2","223","3","237","61","183","60","206","3","242","17","355","67","111","34","169","58","93","34","153","45","243","46","211","57","168","68","203","67",
"0500000US29083","Henry County, Missouri","21854","*****","10746","69","659","42","601","101","775","115","387","7","211","5","90","65","168","69","248","80","626","62","576","22","854","108","360","86","701","84","682","4","746","130","413","117","465","105","294","81","407","76","591","108","417","83","317","76","158","49","11108","69","602","28","597","135","776","141","425","26","193","21","87","61","87","42","349","66","606","44","673","60","485","109","720","111","614","13","682","24","854","115","343","98","422","80","415","104","329","84","665","114","522","91","311","83","351","98",
"0500000US29085","Hickory County, Missouri","9452","*****","4595","84","175","17","156","53","293","32","130","61","146","52","23","33","30","36","55","44","178","20","88","58","279","85","159","66","238","5","322","31","221","90","359","102","166","76","141","59","354","121","417","93","342","100","137","72","186","99","4857","84","220","49","250","98","170","99","181","55","117","69","53","48","94","62","27","22","183","30","215","38","218","76","182","72","243","17","300","17","341","125","198","86","287","108","136","70","359","108","386","93","346","79","198","65","153","76",
"0500000US29087","Holt County, Missouri","4374","*****","2147","35","110","6","125","27","139","27","84","14","35","12","14","13","31","15","42","16","100","12","112","3","104","26","115","26","134","10","149","11","195","38","61","22","92","25","54","24","132","37","112","25","103","23","59","21","45","23","2227","35","108","12","106","24","151","35","66","12","38","17","7","6","13","11","61","18","109","12","92","12","133","23","67","23","143","21","165","15","182","31","64","23","94","28","90","44","58","23","157","41","52","24","87","29","184","33",
"0500000US29089","Howard County, Missouri","10022","*****","5083","63","317","43","337","98","317","60","196","29","234","125","179","58","118","44","191","82","248","19","248","7","280","62","221","65","262","15","329","27","332","69","157","52","232","66","76","36","129","38","287","47","138","51","156","54","99","42","4939","63","262","23","258","57","299","56","167","11","194","12","102","48","187","77","113","61","257","15","303","26","346","48","175","49","247","8","298","23","285","59","120","55","273","70","159","48","158","38","255","60","163","48","204","55","114","45",
"0500000US29091","Howell County, Missouri","40130","*****","19519","119","1368","48","1390","256","1278","268","849","34","423","11","263","117","279","130","668","167","1168","41","1129","64","1153","205","1066","191","1146","46","1288","93","1450","195","424","162","654","141","516","142","671","145","935","162","619","117","344","92","438","113","20611","119","1267","36","1228","214","1408","224","829","57","369","25","363","132","111","56","531","128","1203","51","1181","49","1309","188","1058","202","1272","59","1266","69","1554","184","527","154","726","151","482","146","1017","170","885","149","702","152","654","134","669","138",
"0500000US29093","Iron County, Missouri","10150","*****","5017","50","303","35","274","52","314","55","235","27","100","7","22","16","80","66","142","58","258","11","257","7","271","52","282","60","319","20","364","29","456","64","124","50","205","61","147","43","251","69","216","59","171","43","103","31","123","44","5133","50","250","21","234","59","315","58","186","11","95","7","27","17","66","28","141","30","280","29","230","19","362","51","256","51","291","15","346","21","510","79","140","55","153","46","116","41","271","65","312","70","236","63","117","44","199","61",
"0500000US29095","Jackson County, Missouri","700733","*****","338610","106","23394","84","23072","834","23698","838","13633","58","7708","67","3826","461","3554","467","13446","618","28002","71","25698","21","22910","847","20201","843","20574","83","21024","46","22729","766","8577","613","11738","772","6815","662","9155","552","11694","614","7375","421","4865","418","4922","390","362123","106","22674","86","21990","820","23535","825","13215","68","7600","130","4064","501","3296","449","14214","601","28930","148","26543","68","24137","925","20994","921","21281","53","22001","101","25252","1005","9044","694","13220","805","7556","696","11120","795","14751","802","10261","529","7681","547","8764","549",
"0500000US29097","Jasper County, Missouri","120528","*****","58691","195","4108","145","4473","364","4083","370","2474","84","1574","122","824","198","753","159","2615","256","4251","119","4042","87","3765","394","3910","384","3432","63","3402","48","3752","324","1601","261","1597","256","1249","231","1742","243","1843","241","1612","251","804","181","785","150","61837","195","4062","151","4045","424","4364","419","2422","100","1423","117","802","210","636","145","2432","240","4406","101","4181","94","4057","421","3610","382","3678","113","3431","130","4178","368","1345","276","2035","270","1603","317","1923","300","2365","297","2015","259","1503","240","1321","221",
"0500000US29099","Jefferson County, Missouri","224777","*****","111789","266","6615","102","7275","504","8231","508","4630","174","2439","82","973","261","1332","258","4035","309","7003","146","7324","171","8205","430","6821","445","7306","124","7801","127","8294","551","3543","459","4605","568","2380","315","3383","366","4229","395","2688","349","1462","241","1215","248","112988","266","6472","116","7168","468","7231","454","4472","124","2163","65","1456","293","1176","252","3279","346","6947","129","7294","161","7962","510","6825","484","7390","102","8075","141","8659","423","3509","391","4550","396","2535","365","3697","391","4845","513","3238","361","1980","294","2065","330",
"0500000US29101","Johnson County, Missouri","53948","*****","27695","141","1760","96","1504","197","1698","185","939","80","1313","155","884","261","1247","220","2234","324","2595","142","1804","107","1683","173","1330","172","1209","51","1410","79","1611","199","661","200","535","125","593","130","623","106","714","144","349","74","538","107","461","149","26253","141","1640","100","1313","196","1925","203","811","39","1405","106","949","227","1160","299","1480","326","1851","108","1655","107","1483","184","1310","173","1315","84","1350","68","1556","213","841","231","661","117","342","115","727","153","943","122","620","159","372","95","544","146",
"0500000US29103","Knox County, Missouri","3948","*****","1984","31","133","11","116","33","143","29","116","19","85","27","76","38","27","25","65","43","31","19","40","24","140","58","92","56","120","12","110","12","99","38","74","27","138","41","51","25","69","24","100","28","49","22","80","26","30","17","1964","31","120","11","114","24","124","30","75","12","87","28","26","19","26","20","16","15","94","12","95","14","114","26","70","26","115","6","132","6","111","31","63","28","108","32","66","26","67","24","98","23","59","28","123","42","61","27",
"0500000US29105","Laclede County, Missouri","35680","*****","17482","112","1245","74","1204","191","1274","205","762","61","390","17","137","111","150","99","718","162","1083","49","997","58","1112","215","897","210","1079","60","1187","43","1385","213","325","139","668","184","418","156","466","151","810","164","555","114","317","113","303","108","18198","112","1204","59","1031","149","1359","155","745","33","344","35","362","167","90","66","452","158","1147","90","1039","79","1483","149","702","137","1117","50","1185","40","1375","171","531","149","504","147","427","128","663","127","911","143","744","146","320","94","463","151",
"0500000US29107","Lafayette County, Missouri","32697","*****","16548","132","1006","103","1129","163","1225","165","687","31","410","66","286","143","136","84","516","101","1079","78","873","29","944","177","864","188","1034","92","1215","90","1148","164","499","134","707","151","233","77","460","100","853","109","542","115","392","99","310","82","16149","132","813","32","710","168","1253","161","618","39","312","29","171","100","88","80","551","144","929","38","1004","93","803","187","1028","192","1046","49","1099","49","1410","190","324","106","682","156","392","119","425","113","918","168","615","117","526","136","432","116",
"0500000US29109","Lawrence County, Missouri","38241","*****","18917","130","1306","92","1404","252","1369","255","794","58","488","85","273","103","164","85","739","149","1020","51","1069","95","1133","202","1150","168","1163","59","1155","31","1420","227","393","137","704","202","553","146","295","100","878","156","718","129","318","94","411","102","19324","130","1281","99","1249","203","1389","210","924","30","396","58","125","95","134","91","780","178","1011","76","1182","102","1319","171","861","145","1087","40","1244","64","1263","197","574","192","773","172","545","151","661","144","755","128","743","161","495","149","533","135",
"0500000US29111","Lewis County, Missouri","9898","*****","5074","70","297","18","296","82","410","91","205","10","347","87","65","46","74","50","170","55","266","23","260","34","162","55","366","61","272","21","355","60","354","77","214","73","115","44","122","44","119","49","251","51","69","34","164","54","121","43","4824","70","268","17","219","51","371","50","173","5","228","83","87","55","77","61","146","73","241","5","248","10","256","64","286","77","256","4","292","5","411","76","104","47","153","59","102","40","188","65","223","64","190","47","150","53","155","53",
"0500000US29113","Lincoln County, Missouri","57590","*****","28829","205","1942","85","2385","303","1882","292","1419","165","703","51","215","94","347","123","1104","163","1986","113","1759","24","1777","243","1920","248","1772","67","2043","102","2318","260","672","154","983","247","694","201","569","130","1049","204","605","150","365","128","320","126","28761","205","1968","120","2016","215","1835","241","1205","93","615","74","321","145","271","126","997","172","2013","102","1895","70","2010","258","1714","277","1807","82","1947","60","2019","287","775","196","1149","255","497","143","704","154","1230","198","775","124","482","141","516","114",
"0500000US29115","Linn County, Missouri","12004","*****","5815","35","353","27","424","59","417","65","241","13","131","9","26","20","12","12","307","46","357","19","281","19","262","66","384","66","323","23","355","18","472","71","137","51","235","61","134","47","139","49","372","50","160","53","202","53","91","39","6189","35","364","24","294","76","489","75","247","6","108","2","22","23","77","60","213","56","335","21","310","13","377","62","287","57","310","6","373","23","466","87","207","67","262","78","207","64","217","65","343","69","300","66","202","61","179","50",
"0500000US29117","Livingston County, Missouri","14969","*****","6674","97","453","42","481","105","430","104","265","19","183","29","57","44","58","36","240","57","407","19","412","42","413","76","346","88","353","3","393","28","420","82","162","64","286","64","131","38","219","46","395","84","275","78","119","70","176","66","8295","97","376","15","368","74","560","83","237","19","133","17","62","42","132","47","324","52","647","70","638","50","609","102","579","109","510","6","473","8","483","83","238","75","259","78","152","54","239","59","421","72","227","87","245","110","383","123",
"0500000US29119","McDonald County, Missouri","22882","*****","11631","145","958","96","710","141","924","165","566","76","282","46","177","84","157","98","327","81","774","90","680","57","692","148","638","116","764","37","758","47","825","180","305","97","464","127","183","99","317","130","530","122","368","85","58","45","174","66","11251","145","741","58","698","120","844","111","460","63","288","57","186","97","63","46","354","119","633","48","642","77","739","131","737","159","706","38","738","32","804","161","265","89","417","144","222","79","326","117","553","111","420","75","246","89","169","64",
"0500000US29121","Macon County, Missouri","15154","*****","7514","80","480","33","444","95","630","105","319","29","167","24","85","56","81","40","284","67","378","3","397","53","420","84","361","86","432","16","480","25","355","80","283","106","403","93","180","55","269","58","411","60","283","66","151","52","221","70","7640","80","378","13","430","84","591","86","279","9","195","64","48","47","89","61","220","68","367","3","382","18","412","98","386","98","481","41","440","22","411","70","188","57","470","79","248","71","291","71","424","79","295","65","281","72","334","80",
"0500000US29123","Madison County, Missouri","12176","*****","6025","115","332","19","409","97","421","108","339","83","155","42","52","41","63","32","197","51","375","47","318","5","340","103","361","129","371","41","370","3","460","91","140","59","257","78","95","51","223","60","298","59","189","89","156","78","104","66","6151","115","340","24","360","75","378","72","261","36","107","19","13","12","82","59","202","58","410","53","342","32","265","89","421","106","373","19","445","60","478","88","193","91","250","72","92","47","242","78","329","83","276","91","141","79","151","81",
"0500000US29125","Maries County, Missouri","8791","*****","4398","41","194","16","263","64","278","67","180","16","115","67","69","39","27","33","157","64","227","17","196","17","206","86","316","77","251","17","296","17","346","79","199","91","159","55","70","37","142","52","302","72","212","56","111","49","82","42","4393","41","203","11","239","56","265","65","180","16","102","57","31","34","0","17","147","57","217","11","231","17","232","74","281","81","295","34","316","10","376","63","78","41","214","65","109","63","158","57","277","74","204","68","114","56","124","59",
"0500000US29127","Marion County, Missouri","28572","*****","13860","144","947","63","845","121","958","124","621","79","379","64","166","86","236","81","503","87","830","58","817","51","913","148","792","152","879","64","845","37","942","180","477","148","479","141","275","78","571","106","478","94","320","75","320","87","267","94","14712","144","852","30","916","168","1051","170","550","54","421","53","196","72","111","59","551","109","960","59","870","82","891","156","796","181","856","60","884","37","1027","146","431","107","557","139","406","123","415","110","634","154","473","100","379","118","485","121",
"0500000US29129","Mercer County, Missouri","3623","*****","1794","11","122","7","95","33","143","32","86","4","44","36","103","48","9","15","30","29","44","29","83","8","78","30","95","29","106","12","96","12","136","38","104","36","45","23","20","16","86","40","106","38","64","29","49","25","50","25","1829","11","111","9","115","59","118","58","87","15","107","31","0","12","12","15","22","29","86","12","80","4","113","34","83","29","96","12","114","12","141","40","50","26","83","31","52","25","51","28","86","33","37","17","54","28","131","27",
"0500000US29131","Miller County, Missouri","25369","*****","12609","105","787","37","625","141","1081","135","495","13","318","62","26","19","178","101","518","117","712","32","768","39","853","140","545","140","791","46","845","58","857","161","501","154","424","104","332","157","443","143","635","150","330","83","251","77","294","91","12760","105","833","90","750","154","875","159","535","48","230","22","137","81","54","47","432","99","748","41","711","26","849","180","685","140","787","76","797","17","962","132","426","169","434","145","318","99","343","83","752","104","398","116","259","89","445","106",
"0500000US29133","Mississippi County, Missouri","13328","*****","7261","111","324","73","261","112","695","122","225","83","125","72","55","37","49","30","333","88","592","86","615","163","448","145","608","123","498","52","543","51","497","85","118","41","169","58","111","55","228","76","303","79","223","92","146","55","95","62","6067","111","270","51","500","116","274","84","243","118","119","39","58","43","24","31","196","65","428","59","324","55","319","73","420","110","367","61","346","44","494","99","131","59","210","81","122","53","335","107","327","106","200","58","192","67","168","63",
"0500000US29135","Moniteau County, Missouri","15907","*****","8358","107","515","29","450","95","654","99","308","23","261","94","95","49","72","47","288","73","595","62","594","46","732","118","505","92","488","21","585","68","461","74","246","70","312","83","171","44","230","64","299","49","277","65","113","38","107","43","7549","107","564","71","541","98","597","83","338","36","148","19","40","30","76","39","240","46","436","36","435","30","410","98","491","84","439","27","471","36","457","87","234","71","255","63","112","36","283","60","368","65","186","61","128","49","300","70",
"0500000US29137","Monroe County, Missouri","8630","*****","4378","64","245","18","220","44","327","60","212","41","100","17","46","29","34","22","107","27","196","21","205","15","251","47","247","58","231","17","296","35","199","60","212","74","286","79","188","63","129","43","229","60","220","48","83","29","115","39","4252","64","211","12","285","58","187","61","182","25","71","17","41","34","40","27","152","42","217","32","204","11","198","58","221","57","233","17","251","6","316","81","134","50","250","84","151","45","187","64","223","70","182","61","106","44","210","78",
"0500000US29139","Montgomery County, Missouri","11414","*****","5640","68","363","28","389","53","333","52","255","26","112","19","64","25","49","28","146","35","348","29","288","15","277","76","362","80","320","19","401","22","360","82","207","64","320","74","172","76","165","68","252","66","260","61","105","45","92","37","5774","68","329","17","350","67","300","67","193","19","106","18","72","40","100","64","159","42","284","10","293","2","252","66","418","77","342","68","384","32","502","85","129","45","272","96","189","57","110","32","349","64","276","61","212","60","153","66",
"0500000US29141","Morgan County, Missouri","20438","*****","10161","115","643","24","639","124","702","128","354","22","205","27","53","42","202","78","205","83","524","53","482","10","598","106","472","130","571","73","637","15","950","145","241","87","380","132","394","159","355","119","617","124","394","77","277","92","266","88","10277","115","723","84","520","76","651","86","438","55","162","3","263","105","34","35","197","114","533","17","500","30","448","113","505","103","518","19","737","79","856","133","256","138","451","117","263","102","407","98","739","155","444","94","295","87","337","86",
"0500000US29143","New Madrid County, Missouri","17275","*****","8222","53","568","25","597","88","555","90","286","27","192","59","27","22","30","33","337","50","542","81","451","82","442","135","585","125","486","20","508","51","548","88","252","80","400","85","243","63","323","82","352","72","298","73","82","39","118","76","9053","53","545","14","529","96","624","79","309","34","170","36","50","40","81","55","342","80","506","6","530","72","556","106","488","104","610","30","527","29","697","120","279","77","360","102","233","62","326","86","465","90","412","80","127","48","287","86",
"0500000US29145","Newton County, Missouri","58288","*****","28944","144","1953","145","1865","230","2223","234","1154","61","751","64","320","107","225","93","1237","143","1855","117","1735","100","1886","216","1415","204","1644","60","1955","110","2106","174","709","161","1091","169","644","223","742","128","1571","166","721","177","717","148","425","120","29344","144","1678","111","1768","171","2081","187","1208","88","570","46","321","101","357","99","943","128","1840","84","1681","83","1727","187","1530","201","1851","99","1938","76","2259","199","710","170","1073","195","728","126","1161","194","1273","167","1059","160","902","170","686","144",
"0500000US29147","Nodaway County, Missouri","22199","*****","11122","108","543","34","440","71","510","73","307","9","1132","222","636","187","657","234","543","184","789","80","558","38","636","127","592","107","487","38","566","34","557","129","292","82","375","105","276","79","209","51","372","75","293","64","169","52","183","59","11077","108","513","47","407","86","487","75","318","32","1288","218","599","212","519","165","856","271","555","60","504","47","509","90","470","93","459","16","542","16","594","80","205","67","420","84","251","71","207","55","418","77","271","83","317","77","368","79",
"0500000US29149","Oregon County, Missouri","10561","*****","5197","71","324","27","280","97","414","97","210","26","103","47","40","46","19","24","202","56","267","11","271","44","220","88","285","82","274","19","364","44","420","87","137","66","228","91","165","132","233","111","252","85","258","68","124","59","107","65","5364","71","279","6","391","59","280","69","205","19","111","74","11","19","10","16","185","68","259","19","237","11","237","94","311","71","351","47","347","16","335","85","215","122","265","133","224","91","112","52","378","87","271","90","214","71","136","48",
"0500000US29151","Osage County, Missouri","13613","*****","7037","62","379","12","435","93","528","96","286","20","246","11","188","69","92","46","167","65","426","19","378","15","298","84","526","84","448","19","491","32","596","110","244","79","190","71","156","81","198","67","298","73","206","60","101","48","160","46","6576","62","376","12","272","73","578","72","273","5","136","19","198","91","49","35","148","59","362","23","365","18","380","83","368","82","412","19","470","17","439","96","199","67","299","83","84","37","303","76","253","64","206","60","191","56","215","55",
"0500000US29153","Ozark County, Missouri","9138","*****","4503","55","206","17","266","67","239","69","153","18","67","43","36","34","43","44","136","45","184","17","177","8","114","47","297","47","238","12","287","26","396","113","148","74","234","123","241","85","287","83","217","71","269","73","151","63","117","57","4635","55","182","14","156","87","294","86","248","51","66","51","35","40","40","26","92","57","185","8","196","17","184","66","258","65","269","48","299","16","426","107","181","98","244","79","201","80","157","55","360","88","209","75","173","61","180","83",
"0500000US29155","Pemiscot County, Missouri","16330","*****","7621","80","582","12","655","82","532","81","333","69","145","22","194","77","92","60","228","72","458","88","447","78","452","107","397","100","465","62","431","30","446","74","178","51","411","74","176","53","197","61","361","65","188","54","136","52","117","53","8709","81","624","12","470","94","631","93","384","65","221","81","174","62","110","67","230","106","526","14","495","4","541","96","461","97","481","7","578","45","722","82","223","75","250","56","307","67","197","56","428","80","274","81","210","81","172","74",
"0500000US29157","Perry County, Missouri","19227","*****","9419","96","550","21","685","119","593","97","406","14","204","19","123","61","110","59","309","60","567","19","538","28","560","110","586","113","592","17","670","34","670","122","311","99","329","90","193","57","329","86","418","84","309","76","128","43","239","76","9808","96","582","41","653","104","659","119","380","22","183","11","70","42","125","54","393","88","549","14","525","32","601","99","503","95","633","48","620","20","824","117","176","72","390","110","297","82","360","70","359","82","355","80","220","56","351","77",
"0500000US29159","Pettis County, Missouri","42421","*****","21024","160","1523","103","1480","179","1629","173","877","72","560","87","289","142","337","107","700","162","1325","82","1360","58","1327","177","1213","182","1224","68","1279","74","1519","171","466","103","776","137","404","100","694","131","827","121","570","103","294","70","351","113","21397","160","1408","101","1330","186","1462","188","809","74","638","119","200","92","260","76","789","116","1462","69","1249","54","1349","192","1150","216","1116","48","1370","105","1287","143","549","125","985","166","476","130","652","115","977","164","722","118","482","103","675","124",
"0500000US29161","Phelps County, Missouri","44587","*****","23440","207","1254","70","1324","196","1385","200","865","122","1671","232","678","174","712","172","1948","358","1355","74","1276","97","1396","247","1106","202","1162","80","1256","108","1566","199","471","140","675","137","437","124","724","158","803","171","430","130","446","122","500","139","21147","207","1187","84","1394","219","1189","176","783","81","670","34","424","132","341","125","920","146","1334","85","1294","106","1223","210","1040","211","1148","48","1341","82","1702","179","498","122","790","163","485","125","692","150","867","181","788","142","603","153","434","122",
"0500000US29163","Pike County, Missouri","18158","*****","9838","70","551","27","642","99","545","117","355","34","208","53","65","72","125","82","495","109","742","77","811","85","785","113","434","96","684","40","655","43","599","125","367","136","294","70","226","67","324","64","333","75","272","67","213","67","113","37","8320","70","482","14","634","163","563","135","323","14","151","16","14","17","71","45","347","55","471","11","483","46","515","99","396","98","472","20","484","31","500","106","270","83","390","92","189","59","312","79","427","80","307","84","347","90","172","65",
"0500000US29165","Platte County, Missouri","102848","*****","50755","126","3165","65","3286","313","3841","297","2103","37","1040","93","516","177","634","205","2012","296","3360","97","3548","114","3789","322","3388","310","3447","114","3347","106","3751","289","1199","183","1423","268","969","174","1596","255","1971","203","1130","169","482","149","758","193","52093","126","3068","53","3466","306","3322","310","2153","86","1088","137","477","163","298","114","2183","223","3336","83","3506","111","3763","344","3363","354","3480","74","3555","122","3611","296","1346","256","1862","246","953","188","1792","258","2152","248","1382","213","823","210","1114","270",
"0500000US29167","Polk County, Missouri","32031","*****","15732","137","979","31","1052","203","1062","179","678","38","564","37","404","198","212","84","708","189","932","70","901","81","1095","190","745","145","917","35","900","19","1054","156","207","76","764","173","228","87","559","143","717","141","557","107","266","100","231","97","16299","137","989","67","735","140","1209","142","669","103","702","66","240","92","335","120","853","148","860","39","784","9","866","116","846","115","905","24","983","31","1368","175","245","100","579","141","307","93","549","113","783","132","502","125","385","111","605","159",
"0500000US29169","Pulaski County, Missouri","52359","*****","29766","191","1811","62","1741","288","1632","269","895","89","3577","333","1285","396","844","328","2525","455","3207","317","2363","199","1818","346","1535","329","1293","233","1144","180","989","183","302","131","773","181","482","153","521","138","292","139","316","123","148","71","273","111","22593","191","1619","40","1124","298","1699","296","952","135","1616","399","591","243","340","190","712","243","2003","209","2124","193","1574","258","1233","257","1162","125","1083","116","868","162","540","134","892","208","384","153","432","141","568","179","531","167","279","123","267","110",
"0500000US29171","Putnam County, Missouri","4746","*****","2370","53","164","23","120","54","208","58","69","48","90","61","1","3","20","28","24","22","142","56","109","12","129","48","105","48","127","8","151","12","156","57","45","47","145","62","56","33","177","49","91","40","78","41","114","52","49","30","2376","53","146","23","171","52","106","58","105","48","41","44","28","43","54","61","46","41","107","64","113","14","71","37","147","37","109","57","160","57","122","56","80","69","144","66","74","39","81","36","148","46","80","55","147","62","96","47",
"0500000US29173","Ralls County, Missouri","10258","*****","5106","42","272","29","326","84","311","83","206","16","160","22","97","44","34","31","105","40","239","19","238","5","342","77","245","79","320","3","344","17","360","78","191","73","258","66","171","63","299","67","183","59","189","53","67","35","149","56","5152","42","299","46","309","97","304","102","176","8","48","32","85","59","50","39","150","55","251","12","253","19","211","67","388","66","302","3","380","41","423","92","140","61","243","56","152","61","270","75","238","68","290","75","103","69","87","52",
"0500000US29175","Randolph County, Missouri","24769","*****","12873","136","767","98","724","123","751","122","491","59","260","8","312","95","185","118","524","164","991","67","930","53","964","146","814","140","926","61","842","47","678","114","360","115","572","106","289","95","466","120","335","92","344","67","230","64","118","55","11896","136","717","66","886","164","575","141","461","56","284","40","150","90","203","105","356","97","836","80","663","33","567","134","741","128","714","29","799","75","883","117","230","53","560","133","276","67","401","81","513","85","370","99","364","103","347","97",
"0500000US29177","Ray County, Missouri","22900","*****","11322","86","662","28","665","121","755","115","471","8","251","15","150","72","219","95","277","85","686","60","692","49","593","107","699","109","745","46","790","38","879","132","282","78","634","124","331","109","264","81","543","112","326","79","284","85","124","55","11578","86","650","35","576","126","978","142","446","36","205","6","181","89","99","53","307","88","669","32","595","21","626","123","686","132","718","22","812","24","776","132","493","123","454","95","218","74","345","102","693","108","607","100","159","62","285","90",
"0500000US29179","Reynolds County, Missouri","6274","*****","3281","38","136","17","203","42","154","44","161","32","98","51","68","59","46","42","46","27","163","15","162","24","203","48","198","73","187","8","216","7","289","77","77","43","155","63","81","49","92","47","234","50","87","38","121","43","104","51","2993","38","133","17","135","44","154","44","94","5","9","17","53","40","5","7","95","49","171","20","156","14","186","51","180","58","194","17","195","17","215","63","135","62","137","58","71","44","129","61","213","53","130","39","128","46","75","41",
"0500000US29181","Ripley County, Missouri","13484","*****","6649","91","401","13","572","110","322","102","293","52","148","65","55","61","74","50","160","84","375","36","434","31","439","80","354","85","410","17","401","19","562","90","157","59","201","86","93","43","165","66","494","100","263","79","197","81","79","53","6835","91","404","24","554","82","271","85","237","12","143","34","70","51","52","53","204","55","451","59","355","19","446","72","282","72","388","6","441","37","461","122","229","81","329","113","125","51","344","111","382","84","280","70","254","67","133","57",
"0500000US29183","St. Charles County, Missouri","398472","*****","195907","63","11883","24","13034","682","14066","684","8367","37","4773","79","2653","382","2837","384","6817","427","12490","85","13431","52","14266","626","12688","625","12655","55","12988","17","13728","558","4961","487","7503","499","3747","313","5486","380","7232","393","4584","362","3054","327","2664","339","202565","63","11545","44","12926","533","13000","543","8067","28","4556","74","2560","599","3034","1024","6238","1503","12001","43","13443","21","13325","668","13615","655","13023","69","13598","31","14770","541","5473","524","7587","541","4887","442","6198","431","8239","450","6005","437","4300","418","4175","370",
"0500000US29185","St. Clair County, Missouri","9455","*****","4738","49","279","27","271","61","271","66","176","12","34","26","95","41","70","41","103","48","236","11","229","25","238","65","201","60","285","13","271","17","512","55","67","31","181","58","102","59","348","71","242","66","172","56","244","62","111","40","4717","49","229","8","135","53","350","52","164","6","68","17","19","16","42","35","136","29","197","17","269","44","218","59","207","59","269","9","291","12","430","71","140","49","214","60","107","47","132","42","454","63","268","69","183","74","195","40",
"0500000US29186","Ste. Genevieve County, Missouri","17887","*****","9054","101","463","19","488","94","626","150","361","30","176","5","68","51","63","55","343","67","511","26","543","74","573","135","469","146","525","19","618","21","734","161","425","176","362","109","239","95","480","122","354","113","266","78","193","72","174","74","8833","101","451","19","536","107","510","95","391","40","179","24","156","119","34","31","255","114","450","19","437","19","578","112","416","131","511","19","606","29","671","146","414","113","435","107","308","140","287","99","393","128","381","103","233","77","201","100",
"0500000US29187","St. Francois County, Missouri","66653","*****","35609","222","1869","138","1967","303","1991","287","1252","92","804","115","429","179","534","157","1442","203","3074","198","2800","214","2781","244","2433","232","2332","49","2367","179","2303","280","1038","219","1167","249","915","232","903","208","1267","213","1035","157","645","157","261","86","31044","222","1803","90","1736","237","2171","259","1241","45","549","28","315","198","154","91","1179","236","2067","96","1889","36","1978","256","1855","251","1959","44","1870","10","2266","272","889","197","1059","184","678","143","959","178","1614","219","1059","197","684","160","1070","210",
"0500000US29189","St. Louis County, Missouri","996179","*****","472815","115","29883","87","30784","1098","31694","1099","19758","39","12117","53","5284","674","6228","713","18912","1004","31637","67","30481","109","29740","1020","27175","1004","27997","50","30134","2","33529","998","13841","792","18199","721","11416","737","15077","681","18587","579","12672","674","8491","584","9179","669","523364","115","28667","85","28091","1114","31675","1113","19126","39","11619","15","4478","556","5617","778","20557","798","32957","48","32693","4","31863","1144","30754","1158","31820","9","34165","19","38101","1195","15424","898","21186","1045","13242","670","18106","927","24577","858","17340","783","13479","777","17827","741",
"0500000US29195","Saline County, Missouri","22932","*****","11427","158","765","75","660","109","760","120","554","96","563","101","359","104","240","77","304","101","627","75","821","151","704","125","544","128","509","23","645","67","784","121","372","110","350","109","198","59","371","87","578","112","283","62","211","54","225","64","11505","158","631","79","719","111","785","130","376","62","507","180","163","86","162","95","463","69","705","87","723","95","736","154","518","143","584","87","613","49","964","121","221","85","339","101","212","69","472","86","472","96","424","98","330","66","386","95",
"0500000US29197","Schuyler County, Missouri","4550","*****","2211","43","187","3","115","30","174","30","95","38","37","22","37","27","45","35","59","36","146","3","123","12","81","30","129","30","118","12","149","22","198","41","38","22","74","38","59","32","66","45","101","38","114","27","39","19","27","19","2339","43","165","4","218","45","116","42","96","33","91","39","14","16","13","12","54","37","189","25","97","10","159","36","80","34","121","12","140","3","164","54","44","23","102","52","18","11","139","32","77","28","108","41","73","36","61","29",
"0500000US29199","Scotland County, Missouri","4923","*****","2372","37","203","12","224","42","153","42","99","37","50","28","56","26","34","26","65","31","153","12","133","3","102","41","162","42","120","12","131","12","164","50","45","32","72","49","42","24","66","44","131","48","64","30","56","29","47","28","2551","37","203","12","261","48","181","47","110","37","98","69","0","12","8","12","104","67","131","12","144","15","117","46","129","46","111","12","146","12","140","44","67","39","97","42","37","27","61","29","131","35","97","42","46","31","132","56",
"0500000US29201","Scott County, Missouri","38538","*****","18760","139","1284","55","1542","200","1191","192","828","74","362","44","242","89","218","98","690","146","1238","135","1117","90","964","194","1179","196","1111","72","1266","86","1292","144","442","118","742","146","364","100","833","148","711","135","543","116","409","113","192","61","19778","139","1234","128","1057","185","1438","166","648","74","340","59","247","116","326","141","715","135","1184","89","1159","38","1172","207","1065","209","1297","120","1258","22","1535","204","575","167","577","155","598","116","663","132","872","139","767","110","492","139","559","144",
"0500000US29203","Shannon County, Missouri","8207","*****","4058","32","268","28","270","89","246","85","141","17","77","5","23","33","42","42","117","47","248","35","207","17","337","75","98","64","240","14","294","29","316","93","152","91","176","59","83","46","197","61","217","57","242","43","44","34","23","26","4149","32","224","18","352","52","123","52","147","12","82","51","20","26","96","76","113","53","226","27","243","64","237","68","164","73","243","23","275","27","295","71","153","64","214","69","45","35","159","60","299","70","305","63","50","30","84","51",
"0500000US29205","Shelby County, Missouri","5975","*****","3101","56","187","14","209","47","234","42","222","42","66","21","33","24","37","31","76","36","127","2","179","32","196","46","182","37","143","16","162","2","229","41","111","32","117","38","76","30","93","29","168","37","125","41","84","28","45","20","2874","56","171","8","210","27","160","29","39","23","54","17","34","21","15","13","90","23","154","7","160","9","186","44","152","45","142","17","178","17","237","51","74","23","132","38","104","33","108","27","132","39","139","52","106","46","97","46",
"0500000US29207","Stoddard County, Missouri","29255","*****","14127","101","857","20","965","161","822","168","590","18","408","24","253","107","186","94","346","109","843","5","836","42","895","135","798","137","898","7","923","20","1022","126","233","77","644","123","359","83","520","148","617","141","517","106","379","113","216","93","15128","101","790","31","794","148","1009","153","556","49","245","22","127","61","134","59","639","99","874","27","891","33","856","134","895","136","916","46","945","32","1005","152","342","94","782","152","422","119","562","128","770","126","859","134","316","92","399","96",
"0500000US29209","Stone County, Missouri","31875","*****","15649","84","667","50","781","118","719","128","533","26","277","18","271","124","110","66","327","108","683","63","586","12","705","138","738","138","802","10","953","25","1171","199","621","172","956","221","754","187","1019","213","1073","192","867","154","491","130","545","138","16226","84","595","25","547","132","919","136","506","20","253","17","204","86","113","67","337","99","644","46","634","22","630","113","905","119","915","32","1010","20","1499","211","550","147","889","171","712","158","934","173","1464","188","613","119","613","129","740","143",
"0500000US29211","Sullivan County, Missouri","6163","*****","3024","68","175","32","210","65","183","70","137","34","47","32","15","16","25","19","131","45","168","25","170","39","193","33","185","40","161","16","207","34","278","57","122","42","82","38","36","17","102","36","185","42","102","32","51","21","59","31","3139","68","243","31","202","60","138","42","98","19","67","27","16","13","58","36","93","33","134","9","163","32","147","43","313","78","172","12","212","25","258","52","49","30","101","33","67","35","110","36","167","36","78","27","96","45","157","39",
"0500000US29213","Taney County, Missouri","55563","*****","26447","219","1479","192","1722","256","1581","266","1065","84","785","106","232","108","376","125","1098","156","1751","140","1389","123","1173","222","1606","239","1647","97","1636","60","1918","258","730","209","775","197","697","184","936","203","1579","229","1049","178","758","151","465","174","29116","219","1546","144","1542","242","1810","236","972","77","702","29","381","152","520","223","1039","200","1786","96","1407","68","1304","241","1789","243","1688","128","1961","226","2103","285","726","168","1251","232","765","156","1234","197","1840","200","1138","199","740","185","872","179",
"0500000US29215","Texas County, Missouri","25518","*****","13248","238","727","30","719","154","835","146","464","13","241","13","118","74","274","238","483","113","795","82","799","73","801","144","779","145","784","33","1012","184","986","149","324","90","626","160","266","111","492","133","649","138","659","101","281","86","134","58","12270","238","699","55","829","123","588","124","646","174","203","22","157","65","118","70","287","73","614","33","605","4","742","196","617","119","667","37","790","54","925","131","356","127","610","128","347","117","419","127","743","140","510","127","361","111","437","136",
"0500000US29217","Vernon County, Missouri","20560","*****","9986","85","683","40","703","125","786","125","473","35","217","2","99","57","110","85","371","106","563","22","527","40","563","116","533","121","559","12","659","47","643","161","354","171","358","97","290","95","323","87","429","89","380","65","244","72","119","47","10574","85","610","34","602","102","664","110","470","46","403","46","105","52","164","113","370","118","568","27","524","10","407","108","714","108","593","31","745","59","653","130","285","91","500","137","212","75","444","121","518","107","468","119","320","100","235","79",
"0500000US29219","Warren County, Missouri","35090","*****","17370","175","1115","62","1238","183","1114","195","720","38","349","31","142","88","274","179","518","162","1030","72","1053","62","1002","183","943","187","1160","102","1160","54","1374","212","713","219","520","143","540","158","602","141","643","151","616","126","302","97","242","141","17720","175","1063","89","1227","204","1100","204","712","54","384","101","144","88","221","129","628","127","1039","85","992","25","1084","192","960","192","1005","51","1192","70","1177","204","412","130","1093","218","467","125","598","142","804","166","767","173","447","168","204","99",
"0500000US29221","Washington County, Missouri","24819","*****","12851","74","759","65","939","223","752","221","508","17","282","26","125","86","142","118","446","145","806","56","815","52","929","162","657","146","928","58","921","30","940","139","210","71","748","130","233","82","347","99","613","119","357","86","189","86","205","77","11968","74","688","34","1042","146","554","144","534","48","217","22","156","111","115","79","366","123","714","33","664","18","719","153","686","150","762","22","845","27","797","128","392","117","542","143","328","99","366","99","619","103","384","119","254","89","224","93",
"0500000US29223","Wayne County, Missouri","13058","*****","6407","84","310","9","311","120","425","104","251","37","155","42","27","24","17","15","247","27","302","4","307","19","298","106","420","117","372","12","453","8","476","114","157","84","387","126","244","102","198","83","399","104","355","93","162","66","134","88","6651","84","324","8","355","121","422","95","242","18","132","72","5","6","88","70","133","73","312","19","339","8","328","94","281","93","427","55","490","33","597","168","279","125","262","113","178","76","340","101","402","119","335","130","172","73","208","102",
"0500000US29225","Webster County, Missouri","39127","*****","19977","183","1485","77","1593","200","1491","196","929","43","611","141","400","125","378","159","409","139","1324","112","1215","97","1244","147","1132","146","1204","27","1300","58","1196","156","561","145","654","128","474","110","652","114","596","113","584","117","403","117","142","63","19150","183","1434","96","1255","189","1610","219","813","18","406","47","110","84","100","52","798","105","1146","80","1126","46","1438","162","846","161","1180","31","1228","41","1098","142","497","128","850","135","484","136","704","117","605","120","674","105","338","71","410","91",
"0500000US29227","Worth County, Missouri","2001","*****","995","35","47","12","46","19","71","18","71","30","7","7","10","15","5","7","47","19","38","20","36","22","67","20","49","21","45","12","69","4","65","24","33","17","68","21","37","18","32","18","50","18","25","16","21","16","56","23","1006","35","58","6","78","14","24","14","25","23","29","16","23","19","0","12","21","16","59","12","52","3","61","34","48","27","23","14","65","12","108","17","18","13","38","17","20","12","33","18","64","20","50","21","60","29","49","26",
"0500000US29229","Wright County, Missouri","18256","*****","8883","97","693","46","607","119","632","115","410","30","209","18","97","70","134","76","240","77","520","35","484","8","464","107","459","109","516","18","568","22","654","128","158","75","399","127","338","136","210","112","404","86","270","83","191","62","226","86","9373","97","585","36","536","145","732","149","496","43","196","37","45","42","97","68","262","72","459","10","468","18","324","135","681","142","535","32","566","23","751","119","227","84","439","109","197","74","332","145","539","117","332","81","281","91","293","95",
"0500000US29510","St. Louis city, Missouri","304709","*****","147692","81","9922","102","7380","579","8260","574","4331","93","3504","116","1827","305","1868","360","6406","432","15717","18","14158","38","10510","652","9550","663","8430","56","8960","26","9134","565","4450","468","5685","520","3217","429","3837","455","4592","501","2951","316","1357","193","1646","265","157017","81","9128","82","7702","566","7395","566","4108","6","3584","93","1896","467","2188","506","6616","483","16839","52","14603","57","11592","656","8848","647","8780","67","9059","34","9964","588","4288","436","6415","551","3481","493","4322","415","5959","513","3793","341","2772","302","3685","339",
