"GEO_ID","NAME","B08301_001E","B08301_001M","B08301_002E","B08301_002M","B08301_003E","B08301_003M","B08301_004E","B08301_004M","B08301_005E","B08301_005M","B08301_006E","B08301_006M","B08301_007E","B08301_007M","B08301_008E","B08301_008M","B08301_009E","B08301_009M","B08301_010E","B08301_010M","B08301_011E","B08301_011M","B08301_012E","B08301_012M","B08301_013E","B08301_013M","B08301_014E","B08301_014M","B08301_015E","B08301_015M","B08301_016E","B08301_016M","B08301_017E","B08301_017M","B08301_018E","B08301_018M","B08301_019E","B08301_019M","B08301_020E","B08301_020M","B08301_021E","B08301_021M",
"Geography","Geographic Area Name","Estimate!!Total:","Margin of Error!!Total:","Estimate!!Total:!!Car, truck, or van:","Margin of Error!!Total:!!Car, truck, or van:","Estimate!!Total:!!Car, truck, or van:!!Drove alone","Margin of Error!!Total:!!Car, truck, or van:!!Drove alone","Estimate!!Total:!!Car, truck, or van:!!Carpooled:","Margin of Error!!Total:!!Car, truck, or van:!!Carpooled:","Estimate!!Total:!!Car, truck, or van:!!Carpooled:!!In 2-person carpool","Margin of Error!!Total:!!Car, truck, or van:!!Carpooled:!!In 2-person carpool","Estimate!!Total:!!Car, truck, or van:!!Carpooled:!!In 3-person carpool","Margin of Error!!Total:!!Car, truck, or van:!!Carpooled:!!In 3-person carpool","Estimate!!Total:!!Car, truck, or van:!!Carpooled:!!In 4-person carpool","Margin of Error!!Total:!!Car, truck, or van:!!Carpooled:!!In 4-person carpool","Estimate!!Total:!!Car, truck, or van:!!Carpooled:!!In 5- or 6-person carpool","Margin of Error!!Total:!!Car, truck, or van:!!Carpooled:!!In 5- or 6-person carpool","Estimate!!Total:!!Car, truck, or van:!!Carpooled:!!In 7-or-more-person carpool","Margin of Error!!Total:!!Car, truck, or van:!!Carpooled:!!In 7-or-more-person carpool","Estimate!!Total:!!Public transportation (excluding taxicab):","Margin of Error!!Total:!!Public transportation (excluding taxicab):","Estimate!!Total:!!Public transportation (excluding taxicab):!!Bus","Margin of Error!!Total:!!Public transportation (excluding taxicab):!!Bus","Estimate!!Total:!!Public transportation (excluding taxicab):!!Subway or elevated rail","Margin of Error!!Total:!!Public transportation (excluding taxicab):!!Subway or elevated rail","Estimate!!Total:!!Public transportation (excluding taxicab):!!Long-distance train or commuter rail","Margin of Error!!Total:!!Public transportation (excluding taxicab):!!Long-distance train or commuter rail","Estimate!!Total:!!Public transportation (excluding taxicab):!!Light rail, streetcar or trolley (carro público in Puerto Rico)","Margin of Error!!Total:!!Public transportation (excluding taxicab):!!Light rail, streetcar or trolley (carro público in Puerto Rico)","Estimate!!Total:!!Public transportation (excluding taxicab):!!Ferryboat","Margin of Error!!Total:!!Public transportation (excluding taxicab):!!Ferryboat","Estimate!!Total:!!Taxicab","Margin of Error!!Total:!!Taxicab","Estimate!!Total:!!Motorcycle","Margin of Error!!Total:!!Motorcycle","Estimate!!Total:!!Bicycle","Margin of Error!!Total:!!Bicycle","Estimate!!Total:!!Walked","Margin of Error!!Total:!!Walked","Estimate!!Total:!!Other means","Margin of Error!!Total:!!Other means","Estimate!!Total:!!Worked from home","Margin of Error!!Total:!!Worked from home",
"0400000US29","Missouri","2897593","7891","2584653","9742","2342401","8392","242252","4542","190800","3682","30708","1799","11698","946","5409","567","3637","467","33546","1552","29488","1422","2041","331","863","275","980","245","174","77","2876","520","3296","594","5772","600","55142","2208","22443","1155","189865","4598",
"0500000US29001","Adair County, Missouri","10640","530","9515","524","8053","452","1462","297","936","259","275","134","199","106","14","26","38","33","27","30","24","30","0","22","0","22","0","22","3","5","8","13","0","22","18","23","452","164","105","72","515","173",
"0500000US29003","Andrew County, Missouri","8358","340","7843","336","7140","359","703","151","547","131","103","65","32","31","10","8","11","14","0","19","0","19","0","19","0","19","0","19","0","19","0","19","5","9","17","27","167","113","32","28","294","96",
"0500000US29005","Atchison County, Missouri","2540","109","2287","148","2061","143","226","77","113","39","59","61","9","7","44","35","1","2","11","15","11","15","0","17","0","17","0","17","0","17","9","13","0","17","0","17","37","20","15","14","181","88",
"0500000US29007","Audrain County, Missouri","10751","487","10033","472","9135","472","898","207","621","183","84","52","92","62","82","63","19","27","7","17","7","17","0","22","0","22","0","22","0","22","20","33","18","16","5","6","125","66","120","93","423","145",
"0500000US29009","Barry County, Missouri","14815","649","13346","662","12040","651","1306","323","1052","307","202","113","38","38","14","21","0","25","28","32","11","18","0","25","0","25","17","27","0","25","0","25","14","19","0","25","289","146","166","116","972","263",
"0500000US29011","Barton County, Missouri","4850","412","4275","374","3891","333","384","165","304","155","40","39","37","48","3","4","0","19","0","19","0","19","0","19","0","19","0","19","0","19","22","39","2","3","2","3","126","85","65","63","358","95",
"0500000US29013","Bates County, Missouri","7226","309","6372","316","5396","332","976","254","876","243","92","59","6","10","2","3","0","19","0","19","0","19","0","19","0","19","0","19","0","19","0","19","0","19","0","19","101","84","84","49","669","202",
"0500000US29015","Benton County, Missouri","6505","352","5921","338","5147","339","774","204","685","199","52","43","35","42","0","19","2","4","5","6","5","6","0","19","0","19","0","19","0","19","0","19","6","8","29","39","175","114","133","67","236","80",
"0500000US29017","Bollinger County, Missouri","4780","291","4343","320","3632","310","711","173","516","135","85","48","71","67","0","19","39","52","30","26","30","26","0","19","0","19","0","19","0","19","0","19","0","19","0","19","134","127","57","56","216","109",
"0500000US29019","Boone County, Missouri","93315","1648","81619","1771","72004","1592","9615","968","8318","901","669","259","283","126","113","99","232","170","736","242","683","237","0","28","24","38","29","35","0","28","153","79","117","93","837","175","4056","584","288","129","5509","787",
"0500000US29021","Buchanan County, Missouri","39736","901","36885","878","32950","820","3935","478","3133","481","556","222","93","62","66","49","87","87","244","86","199","75","35","38","0","28","0","28","10","17","160","130","79","58","5","8","523","170","307","153","1533","408",
"0500000US29023","Butler County, Missouri","16667","794","15375","828","13288","875","2087","416","1787","406","193","142","107","75","0","25","0","25","119","101","119","101","0","25","0","25","0","25","0","25","22","43","12","22","71","60","240","103","69","44","759","238",
"0500000US29025","Caldwell County, Missouri","3744","170","3438","182","3015","188","423","82","292","73","109","49","11","14","11","13","0","17","1","2","1","2","0","17","0","17","0","17","0","17","0","17","0","17","0","17","96","38","34","22","175","68",
"0500000US29027","Callaway County, Missouri","19655","705","18127","730","16267","782","1860","432","1492","403","160","98","96","65","59","56","53","68","116","108","116","108","0","25","0","25","0","25","0","25","2","4","9","14","15","24","338","183","147","82","901","220",
"0500000US29029","Camden County, Missouri","18816","802","17121","816","15560","899","1561","328","1369","335","111","47","81","53","0","25","0","25","100","79","100","79","0","25","0","25","0","25","0","25","0","25","3","5","0","25","180","112","150","84","1262","344",
"0500000US29031","Cape Girardeau County, Missouri","37823","920","34862","983","30480","1007","4382","576","3513","524","601","157","184","94","45","34","39","23","95","92","95","92","0","28","0","28","0","28","0","28","167","113","58","48","33","31","594","189","238","136","1776","357",
"0500000US29033","Carroll County, Missouri","3599","232","3165","256","2858","238","307","86","233","84","52","31","12","13","0","17","10","11","0","17","0","17","0","17","0","17","0","17","0","17","0","17","0","17","0","17","33","33","32","26","369","118",
"0500000US29035","Carter County, Missouri","2563","273","2162","214","1865","220","297","144","246","122","0","17","14","24","0","17","37","65","2","6","2","6","0","17","0","17","0","17","0","17","0","17","0","17","0","17","39","33","3","6","357","179",
"0500000US29037","Cass County, Missouri","51285","1011","47128","1035","43432","1120","3696","487","3111","461","338","150","164","97","53","65","30","48","23","23","0","28","6","8","12","18","0","28","5","7","0","28","12","17","39","47","549","225","348","182","3186","573",
"0500000US29039","Cedar County, Missouri","5046","382","4383","371","4056","370","327","125","218","108","49","47","29","46","17","30","14","16","26","39","26","39","0","19","0","19","0","19","0","19","0","19","0","19","0","19","112","73","95","78","430","174",
"0500000US29041","Chariton County, Missouri","3130","184","2787","171","2467","170","320","92","253","89","41","21","7","8","19","15","0","17","28","22","0","17","0","17","0","17","28","22","0","17","0","17","0","17","2","5","85","46","33","23","195","69",
"0500000US29043","Christian County, Missouri","41942","899","39158","897","35698","1127","3460","642","2740","608","523","178","58","44","41","48","98","83","2","5","0","28","2","5","0","28","0","28","0","28","39","40","33","34","23","27","656","225","214","138","1817","312",
"0500000US29045","Clark County, Missouri","3063","133","2563","164","2252","179","311","85","211","70","77","42","5","8","18","20","0","17","3","4","3","4","0","17","0","17","0","17","0","17","0","17","0","17","0","17","148","63","79","48","270","140",
"0500000US29047","Clay County, Missouri","128117","1967","116469","1806","105720","1701","10749","1047","8456","849","1683","683","349","165","178","157","83","62","406","185","390","183","0","28","0","28","0","28","16","19","149","108","290","127","47","49","1574","430","802","204","8380","853",
"0500000US29049","Clinton County, Missouri","9173","390","8483","396","7604","359","879","216","694","185","55","44","119","68","11","16","0","22","70","72","47","64","0","22","0","22","0","22","23","35","0","22","0","22","0","22","38","26","42","29","540","171",
"0500000US29051","Cole County, Missouri","37403","1006","34764","972","31665","1008","3099","460","2341","396","488","188","211","117","18","19","41","58","156","94","144","94","0","28","12","16","0","28","0","28","28","40","29","37","17","28","545","219","453","178","1411","298",
"0500000US29053","Cooper County, Missouri","7459","327","6790","325","5993","332","797","126","699","114","67","41","21","12","4","4","6","9","11","10","11","10","0","19","0","19","0","19","0","19","25","23","3","5","10","14","93","38","148","62","379","94",
"0500000US29055","Crawford County, Missouri","9347","543","8667","543","7353","515","1314","309","1127","302","158","90","5","9","8","12","16","27","40","39","40","39","0","22","0","22","0","22","0","22","0","22","0","22","29","38","133","64","62","46","416","175",
"0500000US29057","Dade County, Missouri","3063","161","2619","179","2352","186","267","85","249","86","6","9","6","8","3","4","3","5","9","13","9","13","0","17","0","17","0","17","0","17","0","17","0","17","6","6","64","35","78","73","287","105",
"0500000US29059","Dallas County, Missouri","5979","417","5249","382","4641","389","608","247","468","217","98","89","42","49","0","19","0","19","8","13","8","13","0","19","0","19","0","19","0","19","0","19","0","19","17","30","69","88","310","178","326","141",
"0500000US29061","Daviess County, Missouri","3543","143","3099","173","2647","187","452","96","290","64","91","46","38","27","19","15","14","13","0","17","0","17","0","17","0","17","0","17","0","17","45","36","0","17","11","17","86","33","53","29","249","78",
"0500000US29063","DeKalb County, Missouri","3975","233","3588","230","3286","246","302","96","207","78","91","59","4","7","0","19","0","19","1","2","1","2","0","19","0","19","0","19","0","19","0","19","0","19","7","11","100","69","21","24","258","100",
"0500000US29065","Dent County, Missouri","6380","437","5977","411","5510","444","467","135","406","136","38","33","14","17","0","19","9","13","18","20","18","20","0","19","0","19","0","19","0","19","0","19","7","13","0","19","66","47","48","34","264","108",
"0500000US29067","Douglas County, Missouri","4966","385","4504","407","4063","396","441","166","401","163","36","41","4","7","0","19","0","19","9","10","9","10","0","19","0","19","0","19","0","19","0","19","0","19","8","15","73","64","123","108","249","145",
"0500000US29069","Dunklin County, Missouri","11316","502","10505","504","8797","501","1708","292","1244","242","349","147","75","66","40","35","0","22","20","30","20","30","0","22","0","22","0","22","0","22","41","44","14","21","80","80","249","125","39","23","368","112",
"0500000US29071","Franklin County, Missouri","48852","1158","44917","1315","40175","1321","4742","609","3777","560","526","173","255","186","180","132","4","8","77","65","77","65","0","28","0","28","0","28","0","28","0","28","11","13","57","49","702","235","273","121","2815","531",
"0500000US29073","Gasconade County, Missouri","6900","255","6349","262","5740","275","609","147","524","119","42","27","9","13","30","45","4","7","3","6","3","6","0","19","0","19","0","19","0","19","0","19","0","19","0","19","118","58","113","105","317","102",
"0500000US29075","Gentry County, Missouri","2929","127","2526","122","2246","135","280","78","213","79","25","16","38","29","4","5","0","17","43","34","43","34","0","17","0","17","0","17","0","17","13","28","0","17","0","17","141","52","25","16","181","64",
"0500000US29077","Greene County, Missouri","137769","1952","124817","1961","112321","2046","12496","978","10394","910","1240","245","519","209","201","99","142","80","1256","355","1211","340","0","28","45","73","0","28","0","28","58","57","147","81","538","204","2430","349","846","271","7677","843",
"0500000US29079","Grundy County, Missouri","4270","193","3574","252","3285","252","289","86","182","56","60","31","28","19","19","29","0","17","78","69","34","35","44","58","0","17","0","17","0","17","0","17","0","17","18","20","189","92","74","31","337","96",
"0500000US29081","Harrison County, Missouri","3425","236","2975","219","2619","232","356","110","203","71","67","40","86","73","0","17","0","17","6","7","6","7","0","17","0","17","0","17","0","17","0","17","9","14","0","17","130","65","76","41","229","98",
"0500000US29083","Henry County, Missouri","9204","335","8541","323","7732","342","809","145","656","145","98","57","24","29","29","40","2","5","15","21","15","21","0","22","0","22","0","22","0","22","0","22","1","2","0","22","131","93","14","13","502","140",
"0500000US29085","Hickory County, Missouri","2840","287","2569","289","2379","274","190","60","174","57","12","18","4","7","0","17","0","17","0","17","0","17","0","17","0","17","0","17","0","17","106","134","0","17","0","17","19","20","35","32","111","59",
"0500000US29087","Holt County, Missouri","1957","91","1754","83","1567","83","187","49","155","41","0","12","3","5","1","4","28","34","1","2","1","2","0","12","0","12","0","12","0","12","0","12","0","12","0","12","60","27","9","9","133","54",
"0500000US29089","Howard County, Missouri","4683","227","4116","228","3514","208","602","140","518","139","83","35","1","2","0","19","0","19","0","19","0","19","0","19","0","19","0","19","0","19","0","19","1","3","0","19","166","77","80","57","320","107",
"0500000US29091","Howell County, Missouri","15288","669","14499","676","12771","725","1728","351","1441","338","197","104","50","36","37","54","3","7","50","61","50","61","0","25","0","25","0","25","0","25","5","8","0","25","0","25","159","68","144","79","431","173",
"0500000US29093","Iron County, Missouri","3815","268","3629","260","3201","223","428","128","341","128","53","29","32","22","0","19","2","3","7","7","4","6","3","5","0","19","0","19","0","19","0","19","0","19","0","19","36","20","46","36","97","57",
"0500000US29095","Jackson County, Missouri","348975","2353","308153","2552","284703","2666","23450","1560","18183","1261","3296","562","1116","310","512","159","343","126","6855","677","6454","650","0","28","88","118","237","82","76","64","442","200","270","112","662","188","5167","515","3304","660","24122","1511",
"0500000US29097","Jasper County, Missouri","55180","1156","50962","1133","45621","1182","5341","566","4258","556","641","224","173","99","243","121","26","24","94","65","94","65","0","28","0","28","0","28","0","28","30","29","157","109","133","83","810","204","427","161","2567","491",
"0500000US29099","Jefferson County, Missouri","111108","1563","103294","2018","94843","2051","8451","649","6293","543","1318","347","448","180","317","156","75","54","148","85","114","76","34","36","0","28","0","28","0","28","0","28","226","286","8","13","599","199","706","239","6127","1158",
"0500000US29101","Johnson County, Missouri","26330","765","23840","805","21335","804","2505","429","1459","307","785","287","69","42","109","76","83","80","11","14","11","14","0","28","0","28","0","28","0","28","29","44","103","71","41","47","1006","252","117","57","1183","277",
"0500000US29103","Knox County, Missouri","1661","114","1251","122","1142","117","109","47","84","46","22","25","3","5","0","12","0","12","1","2","1","2","0","12","0","12","0","12","0","12","0","12","0","12","0","12","19","14","24","20","366","112",
"0500000US29105","Laclede County, Missouri","15555","610","14452","606","12463","659","1989","494","1663","447","180","96","71","84","75","74","0","25","0","25","0","25","0","25","0","25","0","25","0","25","8","15","0","25","0","25","224","137","235","140","636","237",
"0500000US29107","Lafayette County, Missouri","15182","773","13752","747","12239","820","1513","322","1095","288","188","129","48","42","162","74","20","20","2","3","2","3","0","25","0","25","0","25","0","25","0","25","1","3","18","27","263","107","84","50","1062","328",
"0500000US29109","Lawrence County, Missouri","16195","693","14442","719","12938","710","1504","303","1352","299","79","57","36","41","37","40","0","25","1","2","1","2","0","25","0","25","0","25","0","25","0","25","29","37","21","42","260","105","428","201","1014","260",
"0500000US29111","Lewis County, Missouri","4149","238","3615","254","3246","260","369","105","273","90","49","35","0","17","47","40","0","17","31","43","31","43","0","17","0","17","0","17","0","17","10","9","0","17","0","17","149","72","34","21","310","157",
"0500000US29113","Lincoln County, Missouri","26645","880","24800","914","22744","978","2056","435","1537","344","450","209","59","59","0","28","10","13","87","100","87","100","0","28","0","28","0","28","0","28","0","28","67","81","4","7","547","265","170","84","970","280",
"0500000US29115","Linn County, Missouri","5604","212","5061","226","4505","245","556","166","395","134","112","55","27","34","22","34","0","19","2","3","0","19","0","19","0","19","0","19","2","3","0","19","0","19","19","23","105","47","29","23","388","150",
"0500000US29117","Livingston County, Missouri","6523","271","6051","296","5475","307","576","139","499","135","56","31","8","11","0","19","13","16","16","23","16","23","0","19","0","19","0","19","0","19","0","19","0","19","1","3","78","40","72","46","305","91",
"0500000US29119","McDonald County, Missouri","9403","384","8423","393","7350","445","1073","206","569","159","120","56","197","86","158","89","29","48","0","22","0","22","0","22","0","22","0","22","0","22","0","22","29","45","0","22","154","79","93","88","704","201",
"0500000US29121","Macon County, Missouri","6289","268","5710","263","5226","271","484","104","385","99","39","23","35","24","25","31","0","19","31","26","16","19","0","19","8","15","0","19","7","8","0","19","0","19","13","14","165","62","40","24","330","97",
"0500000US29123","Madison County, Missouri","4950","268","4575","272","3849","289","726","206","485","184","150","66","16","24","17","24","58","71","44","43","44","43","0","19","0","19","0","19","0","19","0","19","0","19","0","19","42","31","45","41","244","105",
"0500000US29125","Maries County, Missouri","3606","222","3300","213","2781","243","519","129","445","117","28","30","20","19","26","33","0","17","0","17","0","17","0","17","0","17","0","17","0","17","0","17","0","17","0","17","59","48","27","28","220","90",
"0500000US29127","Marion County, Missouri","12897","532","11808","572","10631","573","1177","213","876","184","197","92","51","42","47","43","6","11","4","10","4","10","0","22","0","22","0","22","0","22","57","60","19","21","5","9","281","111","64","39","659","188",
"0500000US29129","Mercer County, Missouri","1551","107","1274","121","1106","111","168","64","124","55","39","34","0","12","0","12","5","7","0","12","0","12","0","12","0","12","0","12","0","12","10","10","0","12","0","12","15","11","16","16","236","81",
"0500000US29131","Miller County, Missouri","11369","546","10638","567","9454","549","1184","264","985","260","88","46","55","40","56","60","0","22","2","4","2","4","0","22","0","22","0","22","0","22","0","22","0","22","2","4","198","110","66","52","463","152",
"0500000US29133","Mississippi County, Missouri","4283","353","4047","339","3518","343","529","179","327","135","133","71","56","62","13","18","0","19","25","21","25","21","0","19","0","19","0","19","0","19","17","30","0","19","0","19","134","71","24","23","36","35",
"0500000US29135","Moniteau County, Missouri","6611","314","6049","311","5177","290","872","169","548","146","169","93","84","42","51","48","20","21","1","2","1","2","0","19","0","19","0","19","0","19","13","17","3","5","58","32","19","13","124","74","344","96",
"0500000US29137","Monroe County, Missouri","3669","174","3416","182","3115","203","301","85","252","67","24","32","2","5","7","11","16","23","0","17","0","17","0","17","0","17","0","17","0","17","0","17","0","17","0","17","109","48","31","29","113","43",
"0500000US29139","Montgomery County, Missouri","5098","272","4688","277","4057","226","631","150","505","142","80","47","21","17","7","9","18","14","26","37","26","37","0","19","0","19","0","19","0","19","0","19","0","19","9","11","159","75","6","9","210","77",
"0500000US29141","Morgan County, Missouri","7353","439","6119","479","5053","410","1066","275","788","251","135","90","88","49","32","30","23","33","23","41","23","41","0","22","0","22","0","22","0","22","0","22","0","22","61","54","178","72","161","106","811","226",
"0500000US29143","New Madrid County, Missouri","6676","342","6248","368","5609","369","639","134","482","107","106","59","32","34","15","21","4","8","9","15","9","15","0","19","0","19","0","19","0","19","0","19","0","19","64","78","121","57","7","8","227","79",
"0500000US29145","Newton County, Missouri","25747","693","23609","748","21001","716","2608","390","2111","361","208","120","249","122","20","27","20","32","58","51","39","39","0","28","0","28","19","31","0","28","0","28","25","26","35","30","238","100","275","124","1507","301",
"0500000US29147","Nodaway County, Missouri","10869","505","9677","544","8709","561","968","194","768","178","96","45","89","81","15","13","0","22","3","4","3","4","0","22","0","22","0","22","0","22","0","22","3","5","120","136","466","159","60","47","540","185",
"0500000US29149","Oregon County, Missouri","3811","288","3407","290","3141","325","266","115","207","109","24","19","10","9","0","19","25","38","35","32","35","32","0","19","0","19","0","19","0","19","0","19","0","19","0","19","28","23","46","33","295","132",
"0500000US29151","Osage County, Missouri","6578","291","6064","308","5208","322","856","196","662","179","111","58","63","63","0","19","20","19","81","83","15","18","0","19","66","89","0","19","0","19","0","19","0","19","0","19","148","85","11","12","274","94",
"0500000US29153","Ozark County, Missouri","2973","264","2675","245","2282","229","393","105","318","105","70","47","5","8","0","17","0","17","0","17","0","17","0","17","0","17","0","17","0","17","0","17","0","17","0","17","181","72","15","14","102","66",
"0500000US29155","Pemiscot County, Missouri","5511","354","5210","341","4711","327","499","134","369","99","72","64","11","16","19","27","28","36","47","43","39","41","8","14","0","19","0","19","0","19","0","19","0","19","0","19","53","35","4","5","197","96",
"0500000US29157","Perry County, Missouri","9174","326","8904","335","8078","374","826","216","469","147","257","107","76","101","10","17","14","17","19","20","10","14","0","19","0","19","0","19","9","14","0","19","17","25","0","19","75","54","17","18","142","49",
"0500000US29159","Pettis County, Missouri","18884","594","17280","588","15849","623","1431","284","1065","241","184","112","90","55","76","56","16","18","31","25","31","25","0","25","0","25","0","25","0","25","0","25","45","35","37","42","301","114","158","100","1032","237",
"0500000US29161","Phelps County, Missouri","18248","606","16495","666","14386","661","2109","374","1579","321","335","130","89","64","83","62","23","30","55","48","55","48","0","25","0","25","0","25","0","25","0","25","15","25","21","24","882","301","68","45","712","217",
"0500000US29163","Pike County, Missouri","7044","343","6490","382","5945","395","545","134","380","121","114","57","50","39","1","3","0","19","1","3","0","19","0","19","1","3","0","19","0","19","0","19","2","4","0","19","118","61","87","64","346","134",
"0500000US29165","Platte County, Missouri","54581","973","49034","940","44698","1007","4336","653","3348","551","578","190","175","105","154","102","81","79","105","79","105","79","0","28","0","28","0","28","0","28","96","75","20","19","13","18","351","130","349","141","4613","545",
"0500000US29167","Polk County, Missouri","14251","571","12589","629","11367","628","1222","264","1093","247","53","42","50","46","13","19","13","22","16","14","16","14","0","25","0","25","0","25","0","25","0","25","2","6","24","47","466","212","83","55","1071","331",
"0500000US29169","Pulaski County, Missouri","28608","1028","19274","863","17547","821","1727","378","1515","342","146","118","53","47","0","28","13","15","28","52","28","52","0","28","0","28","0","28","0","28","72","86","174","220","62","76","5538","1222","100","92","3360","1154",
"0500000US29171","Putnam County, Missouri","2062","159","1958","159","1586","170","372","129","296","118","29","30","47","41","0","12","0","12","0","12","0","12","0","12","0","12","0","12","0","12","0","12","0","12","0","12","29","25","12","18","63","34",
"0500000US29173","Ralls County, Missouri","4740","259","4297","292","3997","291","300","107","266","101","34","36","0","19","0","19","0","19","0","19","0","19","0","19","0","19","0","19","0","19","0","19","10","14","0","19","80","40","21","18","332","135",
"0500000US29175","Randolph County, Missouri","10629","460","9928","453","8953","494","975","217","711","167","120","86","105","86","25","34","14","17","41","42","41","42","0","22","0","22","0","22","0","22","17","20","0","22","7","15","57","41","194","114","385","137",
"0500000US29177","Ray County, Missouri","10927","392","10082","409","9196","362","886","202","735","184","141","62","7","8","0","22","3","6","60","60","60","60","0","22","0","22","0","22","0","22","0","22","1","4","0","22","133","70","32","26","619","221",
"0500000US29179","Reynolds County, Missouri","2444","143","2234","162","1920","176","314","115","266","101","45","47","0","17","0","17","3","5","4","6","4","6","0","17","0","17","0","17","0","17","0","17","0","17","0","17","45","27","72","49","89","48",
"0500000US29181","Ripley County, Missouri","5145","381","4564","378","4075","358","489","153","384","145","50","36","27","27","28","24","0","19","0","19","0","19","0","19","0","19","0","19","0","19","0","19","9","14","12","19","20","18","54","41","486","162",
"0500000US29183","St. Charles County, Missouri","210484","1715","188680","2115","175621","1884","13059","1069","9984","901","1624","350","868","313","294","213","289","128","219","95","94","79","68","54","14","18","43","51","0","28","89","94","316","185","135","67","1549","513","1640","348","17856","1285",
"0500000US29185","St. Clair County, Missouri","3601","220","3164","203","2713","214","451","136","369","129","9","10","18","15","23","25","32","43","1","3","1","3","0","17","0","17","0","17","0","17","0","17","0","17","0","17","113","50","23","15","300","113",
"0500000US29186","Ste. Genevieve County, Missouri","8458","397","7995","437","7102","475","893","238","619","189","225","129","31","44","0","19","18","18","0","19","0","19","0","19","0","19","0","19","0","19","0","19","0","19","18","28","40","32","72","66","333","134",
"0500000US29187","St. Francois County, Missouri","26670","857","24778","887","21864","928","2914","526","2010","459","460","209","175","141","67","61","202","169","63","99","63","99","0","28","0","28","0","28","0","28","12","19","95","69","0","28","391","177","206","149","1125","354",
"0500000US29189","St. Louis County, Missouri","491117","3278","429199","3710","396669","3541","32530","1630","25918","1477","3634","582","1969","493","511","173","498","167","9776","877","7906","819","1197","255","366","143","307","136","0","28","356","166","489","176","835","196","6523","647","3360","521","40579","1992",
"0500000US29195","Saline County, Missouri","10418","392","9529","393","8593","433","936","168","744","153","98","52","55","33","39","39","0","22","4","7","4","7","0","22","0","22","0","22","0","22","0","22","2","3","20","20","159","69","115","89","589","130",
"0500000US29197","Schuyler County, Missouri","1968","151","1816","149","1707","157","109","56","102","57","5","5","2","3","0","12","0","12","8","10","8","10","0","12","0","12","0","12","0","12","0","12","0","12","2","5","26","22","4","7","112","57",
"0500000US29199","Scotland County, Missouri","1994","167","1635","190","1451","188","184","86","91","61","25","19","57","62","11","16","0","12","0","12","0","12","0","12","0","12","0","12","0","12","0","12","0","12","8","11","59","43","14","16","278","96",
"0500000US29201","Scott County, Missouri","17117","550","16209","554","14030","548","2179","388","1561","331","290","156","135","83","140","98","53","77","10","11","4","6","0","25","6","9","0","25","0","25","0","25","2","4","0","25","216","109","89","76","591","166",
"0500000US29203","Shannon County, Missouri","2943","222","2534","213","2088","203","446","159","368","147","42","45","21","26","15","15","0","17","38","46","38","46","0","17","0","17","0","17","0","17","0","17","0","17","0","17","34","27","35","29","302","110",
"0500000US29205","Shelby County, Missouri","2791","142","2368","154","2154","166","214","73","121","42","67","37","1","3","1","3","24","51","0","17","0","17","0","17","0","17","0","17","0","17","0","17","2","4","4","6","248","86","16","17","153","57",
"0500000US29207","Stoddard County, Missouri","11905","444","11038","431","10131","423","907","184","722","183","126","58","55","33","0","22","4","8","2","5","2","5","0","22","0","22","0","22","0","22","0","22","3","4","0","22","206","124","97","51","559","193",
"0500000US29209","Stone County, Missouri","12135","542","11018","504","9792","525","1226","271","1131","246","67","39","14","92","14","19","0","25","4","8","4","8","0","25","0","25","0","25","0","25","1","3","60","51","0","25","162","75","71","37","819","192",
"0500000US29211","Sullivan County, Missouri","2660","158","2491","159","1741","155","750","166","557","144","192","99","0","17","0","17","1","5","1","4","1","4","0","17","0","17","0","17","0","17","0","17","0","17","0","17","18","14","11","16","139","43",
"0500000US29213","Taney County, Missouri","25163","851","22609","924","19327","942","3282","547","2580","439","581","326","65","58","26","37","30","49","55","40","49","39","0","28","0","28","0","28","6","9","68","56","16","14","0","28","334","126","102","53","1979","478",
"0500000US29215","Texas County, Missouri","9208","530","8485","512","7305","515","1180","292","857","239","201","143","51","40","14","23","57","78","34","25","25","20","0","22","0","22","9","14","0","22","0","22","0","22","0","22","234","113","45","35","410","159",
"0500000US29217","Vernon County, Missouri","8630","456","7153","473","6501","435","652","182","428","140","219","108","1","3","4","7","0","22","21","31","21","31","0","22","0","22","0","22","0","22","0","22","0","22","13","19","257","103","165","121","1021","201",
"0500000US29219","Warren County, Missouri","16494","503","15622","543","14007","610","1615","379","1271","320","174","150","88","75","67","54","15","27","30","28","30","28","0","25","0","25","0","25","0","25","0","25","18","30","4","7","58","48","174","108","588","220",
"0500000US29221","Washington County, Missouri","8900","424","8203","460","7258","477","945","213","843","195","60","44","42","42","0","22","0","22","17","27","0","22","0","22","0","22","0","22","17","27","0","22","8","14","0","22","146","87","144","105","382","133",
"0500000US29223","Wayne County, Missouri","4365","343","3868","329","2982","341","886","274","761","268","78","56","18","33","29","31","0","19","19","28","13","28","0","19","6","12","0","19","0","19","2","5","5","9","0","19","50","34","31","32","390","168",
"0500000US29225","Webster County, Missouri","15731","598","14539","511","12576","578","1963","356","1399","294","195","100","177","141","60","48","132","133","14","19","14","19","0","25","0","25","0","25","0","25","19","30","3","6","0","25","265","112","116","69","775","280",
"0500000US29227","Worth County, Missouri","883","55","735","61","668","61","67","26","51","25","16","10","0","12","0","12","0","12","0","12","0","12","0","12","0","12","0","12","0","12","0","12","10","9","0","12","57","29","5","8","76","30",
"0500000US29229","Wright County, Missouri","6597","354","6082","364","5509","396","573","160","389","136","70","57","26","20","34","30","54","64","0","19","0","19","0","19","0","19","0","19","0","19","0","19","15","24","9","12","198","88","49","26","244","104",
"0500000US29510","St. Louis city, Missouri","154771","1872","121476","2283","109915","2132","11561","931","9794","837","1065","241","318","146","245","135","139","94","11346","931","10196","821","644","202","215","176","291","140","0","28","456","176","145","70","1333","394","7103","661","1139","247","11773","1225",
